iso3,countryLabel,flag,start,end
ALB,Albania,http://commons.wikimedia.org/wiki/Special:FilePath/Flag%20of%20Albanian%20Provisional%20Government%20%281912-1914%29.svg,1912-01-01T00:00:00Z,1914-01-01T00:00:00Z
ALB,Albania,http://commons.wikimedia.org/wiki/Special:FilePath/Flag%20of%20Albania%20%281914%E2%80%931920%29.svg,1914-01-01T00:00:00Z,1920-01-01T00:00:00Z
ALB,Albania,http://commons.wikimedia.org/wiki/Special:FilePath/Flag%20of%20Albania%20%281920%E2%80%931926%29.svg,1920-01-01T00:00:00Z,1926-01-01T00:00:00Z
ALB,Albania,http://commons.wikimedia.org/wiki/Special:FilePath/Flag%20of%20Albania%20%281926%E2%80%931928%29.svg,1926-01-01T00:00:00Z,1928-01-01T00:00:00Z
ALB,Albania,http://commons.wikimedia.org/wiki/Special:FilePath/Flag%20of%20Albania%20%281934%E2%80%931939%29.svg,1928-01-01T00:00:00Z,1939-01-01T00:00:00Z
ALB,Albania,http://commons.wikimedia.org/wiki/Special:FilePath/Flag%20of%20Albania%20%281939%E2%80%931943%29.svg,1939-01-01T00:00:00Z,1943-01-01T00:00:00Z
ALB,Albania,http://commons.wikimedia.org/wiki/Special:FilePath/Flag%20of%20Albania%20%281943%E2%80%931944%29.svg,1943-01-01T00:00:00Z,1944-01-01T00:00:00Z
ALB,Albania,http://commons.wikimedia.org/wiki/Special:FilePath/Flag%20of%20Albania%20%281944%E2%80%931946%29.svg,1944-01-01T00:00:00Z,1946-01-01T00:00:00Z
ALB,Albania,http://commons.wikimedia.org/wiki/Special:FilePath/Flag%20of%20Albania%20%281946%E2%80%931992%29.svg,1946-01-01T00:00:00Z,1992-01-01T00:00:00Z
ALB,Albania,http://commons.wikimedia.org/wiki/Special:FilePath/Flag%20of%20Albania.svg,1992-01-01T00:00:00Z,
AUT,Austria,http://commons.wikimedia.org/wiki/Special:FilePath/Flag%20of%20the%20Habsburg%20Monarchy.svg,1804-08-11T00:00:00Z,1867-03-15T00:00:00Z
AUT,Austria,http://commons.wikimedia.org/wiki/Special:FilePath/Flag%20of%20Austria.svg,1919-10-21T00:00:00Z,1938-03-13T00:00:00Z
AUT,Austria,http://commons.wikimedia.org/wiki/Special:FilePath/Flag%20of%20Austria.svg,1945-05-01T00:00:00Z,
BEL,Belgium,http://commons.wikimedia.org/wiki/Special:FilePath/Flag%20of%20Belgium%20%28civil%29.svg,1831-01-23T00:00:00Z,
BEL,Belgium,http://commons.wikimedia.org/wiki/Special:FilePath/Flag%20of%20Belgium.svg,1831-01-23T00:00:00Z,
BGR,Bulgaria,http://commons.wikimedia.org/wiki/Special:FilePath/Flag%20of%20Bulgaria%20%28digital%29.svg,,
BGR,Bulgaria,http://commons.wikimedia.org/wiki/Special:FilePath/Flag%20of%20Bulgaria.svg,1879-12-16T00:00:00Z,1947-12-06T00:00:00Z
BGR,Bulgaria,http://commons.wikimedia.org/wiki/Special:FilePath/Flag%20of%20Bulgaria%20%281946%E2%80%931948%29.svg,1947-12-06T00:00:00Z,1948-01-01T00:00:00Z
BGR,Bulgaria,http://commons.wikimedia.org/wiki/Special:FilePath/Flag%20of%20Bulgaria%20%281948%E2%80%931967%29.svg,1948-01-01T00:00:00Z,1968-01-05T00:00:00Z
BGR,Bulgaria,http://commons.wikimedia.org/wiki/Special:FilePath/Flag%20of%20Bulgaria%20%281967%E2%80%931971%29.svg,1968-01-05T00:00:00Z,1971-05-18T00:00:00Z
BGR,Bulgaria,http://commons.wikimedia.org/wiki/Special:FilePath/Flag%20of%20Bulgaria%20%281971%E2%80%931990%29.svg,1971-05-18T00:00:00Z,1990-11-22T00:00:00Z
BGR,Bulgaria,http://commons.wikimedia.org/wiki/Special:FilePath/Flag%20of%20Bulgaria.svg,1990-11-22T00:00:00Z,
BIH,Bosnia and Herzegovina,http://commons.wikimedia.org/wiki/Special:FilePath/Flag%20of%20Bosnia%20and%20Herzegovina%20%281992%E2%80%931998%29.svg,,1998-02-04T00:00:00Z
BIH,Bosnia and Herzegovina,http://commons.wikimedia.org/wiki/Special:FilePath/Flag%20of%20Bosnia%20and%20Herzegovina.svg,1998-02-04T00:00:00Z,
BLR,Belarus,http://commons.wikimedia.org/wiki/Special:FilePath/Flag%20of%20the%20Byelorussian%20Soviet%20Socialist%20Republic%20%281919%E2%80%931927%29.svg,1919-01-01T00:00:00Z,1927-01-01T00:00:00Z
BLR,Belarus,http://commons.wikimedia.org/wiki/Special:FilePath/Flag%20of%20the%20Byelorussian%20Soviet%20Socialist%20Republic%20%281927%E2%80%931937%29.svg,1927-01-01T00:00:00Z,1937-01-01T00:00:00Z
BLR,Belarus,http://commons.wikimedia.org/wiki/Special:FilePath/Flag%20of%20the%20Byelorussian%20Soviet%20Socialist%20Republic%20%281937%E2%80%931951%29.svg,1937-01-01T00:00:00Z,1951-12-25T00:00:00Z
BLR,Belarus,http://commons.wikimedia.org/wiki/Special:FilePath/Flag%20of%20the%20Byelorussian%20Soviet%20Socialist%20Republic%20%281951%E2%80%931991%29.svg,1951-12-25T00:00:00Z,1991-09-19T00:00:00Z
BLR,Belarus,http://commons.wikimedia.org/wiki/Special:FilePath/Flag%20of%20Belarus%20%281918%2C%201991%E2%80%931995%29.svg,1991-09-19T00:00:00Z,1995-06-07T00:00:00Z
BLR,Belarus,http://commons.wikimedia.org/wiki/Special:FilePath/Flag%20of%20Belarus%20%281995%E2%80%932012%29.svg,1995-06-07T00:00:00Z,2012-05-01T00:00:00Z
BLR,Belarus,http://commons.wikimedia.org/wiki/Special:FilePath/Flag%20of%20Belarus.svg,2012-05-01T00:00:00Z,
CHE,Switzerland,http://commons.wikimedia.org/wiki/Special:FilePath/Civil%20Ensign%20of%20Switzerland.svg,,
CHE,Switzerland,http://commons.wikimedia.org/wiki/Special:FilePath/Civil%20Ensign%20of%20Switzerland%20%28Pantone%29.svg,,
CHE,Switzerland,http://commons.wikimedia.org/wiki/Special:FilePath/Flag%20of%20Switzerland.svg,1889-12-12T00:00:00Z,
CHE,Switzerland,http://commons.wikimedia.org/wiki/Special:FilePath/Flag%20of%20Switzerland%20%28Pantone%29.svg,1889-12-12T00:00:00Z,
CYP,Cyprus,http://commons.wikimedia.org/wiki/Special:FilePath/Flag%20of%20Cyprus%20%281960%29.svg,1960-04-01T00:00:00Z,1960-08-16T00:00:00Z
CYP,Cyprus,http://commons.wikimedia.org/wiki/Special:FilePath/Flag%20of%20Cyprus%20%281960%E2%80%932006%29.svg,1960-08-16T00:00:00Z,2006-08-20T00:00:00Z
CYP,Cyprus,http://commons.wikimedia.org/wiki/Special:FilePath/Flag%20of%20Cyprus.svg,2006-08-20T00:00:00Z,
CZE,Czech Republic,http://commons.wikimedia.org/wiki/Special:FilePath/Flag%20of%20the%20Czech%20Republic.svg,1920-03-30T00:00:00Z,
DEU,Germany,http://commons.wikimedia.org/wiki/Special:FilePath/Flag%20of%20Germany%20%281867%E2%80%931918%29.svg,1867-07-01T00:00:00Z,1918-01-01T00:00:00Z
DEU,Germany,http://commons.wikimedia.org/wiki/Special:FilePath/Flag%20of%20Germany%20%283-2%29.svg,1919-04-11T00:00:00Z,1933-03-12T00:00:00Z
DEU,Germany,http://commons.wikimedia.org/wiki/Special:FilePath/Flag%20of%20Germany%20%281867%E2%80%931918%29.svg,1933-03-13T00:00:00Z,1935-09-15T00:00:00Z
DEU,Germany,http://commons.wikimedia.org/wiki/Special:FilePath/Flag%20of%20Germany%20%281935%E2%80%931945%29.svg,1935-09-16T00:00:00Z,1945-05-08T00:00:00Z
DEU,Germany,http://commons.wikimedia.org/wiki/Special:FilePath/Flag%20of%20Germany.svg,1949-05-23T00:00:00Z,
DNK,Denmark,http://commons.wikimedia.org/wiki/Special:FilePath/Flag%20of%20Denmark.svg,,
ESP,Spain,http://commons.wikimedia.org/wiki/Special:FilePath/Flag%20of%20Spain%20%281701%E2%80%931760%29.svg,1701-01-01T00:00:00Z,1760-01-01T00:00:00Z
ESP,Spain,http://commons.wikimedia.org/wiki/Special:FilePath/Flag%20of%20Spain%20%281760%E2%80%931785%29.svg,1760-01-01T00:00:00Z,1843-10-13T00:00:00Z
ESP,Spain,http://commons.wikimedia.org/wiki/Special:FilePath/Flag%20of%20Spain%20%281785%E2%80%931873%2C%201875%E2%80%931931%29.svg,1843-10-13T00:00:00Z,1873-01-01T00:00:00Z
ESP,Spain,http://commons.wikimedia.org/wiki/Special:FilePath/Flag%20of%20the%20First%20Spanish%20Republic.svg,1873-01-01T00:00:00Z,1874-01-01T00:00:00Z
ESP,Spain,http://commons.wikimedia.org/wiki/Special:FilePath/Flag%20of%20Spain%20%281785%E2%80%931873%2C%201875%E2%80%931931%29.svg,1874-01-01T00:00:00Z,1931-04-13T00:00:00Z
ESP,Spain,http://commons.wikimedia.org/wiki/Special:FilePath/Flag%20of%20the%20Second%20Spanish%20Republic.svg,1931-04-14T00:00:00Z,1939-01-01T00:00:00Z
ESP,Spain,http://commons.wikimedia.org/wiki/Special:FilePath/Flag%20of%20Spain%20%281938%E2%80%931945%29.svg,1939-01-01T00:00:00Z,1945-10-11T00:00:00Z
ESP,Spain,http://commons.wikimedia.org/wiki/Special:FilePath/Flag%20of%20Spain%20%281945%E2%80%931977%29.svg,1945-10-11T00:00:00Z,1977-01-21T00:00:00Z
ESP,Spain,http://commons.wikimedia.org/wiki/Special:FilePath/Flag%20of%20Spain%20%281977%E2%80%931981%29.svg,1977-01-21T00:00:00Z,1981-12-06T00:00:00Z
ESP,Spain,http://commons.wikimedia.org/wiki/Special:FilePath/Flag%20of%20Spain.svg,1981-12-06T00:00:00Z,
EST,Estonia,http://commons.wikimedia.org/wiki/Special:FilePath/Flag%20of%20Estonia.svg,,
FIN,Finland,http://commons.wikimedia.org/wiki/Special:FilePath/Flag%20of%20Finland.svg,1918-05-29T00:00:00Z,
FRA,France,http://commons.wikimedia.org/wiki/Special:FilePath/Flag%20of%20France%20%28XII-XIII%29.svg,1101-01-01T00:00:00Z,1300-01-01T00:00:00Z
FRA,France,http://commons.wikimedia.org/wiki/Special:FilePath/Banni%C3%A8re%20de%20France%20style%201500.svg,1301-01-01T00:00:00Z,1600-01-01T00:00:00Z
FRA,France,http://commons.wikimedia.org/wiki/Special:FilePath/Royal%20Standard%20of%20the%20King%20of%20France.svg,1638-01-01T00:00:00Z,1790-01-01T00:00:00Z
FRA,France,http://commons.wikimedia.org/wiki/Special:FilePath/Flag%20of%20France%20%281790%E2%80%931794%29.svg,1790-01-01T00:00:00Z,1794-05-20T00:00:00Z
FRA,France,http://commons.wikimedia.org/wiki/Special:FilePath/Flag%20of%20France.svg,1794-05-20T00:00:00Z,1814-01-01T00:00:00Z
FRA,France,http://commons.wikimedia.org/wiki/Special:FilePath/Flag%20of%20France%20%281814%E2%80%931830%29.svg,1815-01-01T00:00:00Z,1830-07-27T00:00:00Z
FRA,France,http://commons.wikimedia.org/wiki/Special:FilePath/Flag%20of%20France.svg,1830-07-27T00:00:00Z,1958-10-04T00:00:00Z
FRA,France,http://commons.wikimedia.org/wiki/Special:FilePath/Flag%20of%20France%20%281958%E2%80%931976%29.svg,1958-10-04T00:00:00Z,1974-05-27T00:00:00Z
FRA,France,http://commons.wikimedia.org/wiki/Special:FilePath/Flag%20of%20France%20%281976%E2%80%932020%29.svg,1974-05-27T00:00:00Z,2020-07-13T00:00:00Z
FRA,France,http://commons.wikimedia.org/wiki/Special:FilePath/Flag%20of%20France.svg,2020-07-13T00:00:00Z,
GBR,United Kingdom,http://commons.wikimedia.org/wiki/Special:FilePath/Flag%20of%20the%20United%20Kingdom%20%281-2%29.svg,,
GBR,United Kingdom,http://commons.wikimedia.org/wiki/Special:FilePath/Flag%20of%20the%20United%20Kingdom%20%283-5%29.svg,,
GEO,Georgia,http://commons.wikimedia.org/wiki/Special:FilePath/Flag%20of%20Georgia%20%281990%E2%80%932004%29.svg,1990-01-01T00:00:00Z,2004-01-14T00:00:00Z
GEO,Georgia,http://commons.wikimedia.org/wiki/Special:FilePath/Flag%20of%20Georgia.svg,2004-01-14T00:00:00Z,
GRC,Greece,http://commons.wikimedia.org/wiki/Special:FilePath/Greek%20Independence%201821.svg,1821-01-01T00:00:00Z,1830-01-01T00:00:00Z
GRC,Greece,http://commons.wikimedia.org/wiki/Special:FilePath/Flag%20of%20Greece%20%281822-1978%29.svg,1822-01-01T00:00:00Z,1978-01-01T00:00:00Z
GRC,Greece,http://commons.wikimedia.org/wiki/Special:FilePath/Flag%20of%20Greece.svg,1978-01-01T00:00:00Z,
HRV,Croatia,http://commons.wikimedia.org/wiki/Special:FilePath/Flag%20of%20Croatia%20%28white%20chequy%29.svg,1990-06-27T00:00:00Z,1990-12-21T00:00:00Z
HRV,Croatia,http://commons.wikimedia.org/wiki/Special:FilePath/Flag%20of%20Croatia.svg,1990-12-21T00:00:00Z,
HUN,Hungary,http://commons.wikimedia.org/wiki/Special:FilePath/Flag%20of%20Hungary%20%281918%E2%80%931919%29.svg,,
HUN,Hungary,http://commons.wikimedia.org/wiki/Special:FilePath/Flag%20of%20Hungary%20%28895-1000%29.svg,0895-01-01T00:00:00Z,1000-01-01T00:00:00Z
HUN,Hungary,http://commons.wikimedia.org/wiki/Special:FilePath/Flag%20of%20Stephen%20I%20of%20Hungary.svg,1000-01-01T00:00:00Z,1038-01-01T00:00:00Z
HUN,Hungary,http://commons.wikimedia.org/wiki/Special:FilePath/Flag%20of%20Hungary%20%2811th-12th%20century%29.svg,1046-01-01T00:00:00Z,1172-01-01T00:00:00Z
HUN,Hungary,http://commons.wikimedia.org/wiki/Special:FilePath/Flag%20of%20Hungary%20%28late%2012th%20century%29.svg,1172-01-01T00:00:00Z,1196-01-01T00:00:00Z
HUN,Hungary,http://commons.wikimedia.org/wiki/Special:FilePath/Flag%20of%20Hungary%20%2813th%20century%29.svg,1196-01-01T00:00:00Z,1301-01-01T00:00:00Z
HUN,Hungary,http://commons.wikimedia.org/wiki/Special:FilePath/Flag%20of%20Hungary%20%281301-1382%29.svg,1301-01-01T00:00:00Z,1382-01-01T00:00:00Z
HUN,Hungary,http://commons.wikimedia.org/wiki/Special:FilePath/Flag%20of%20Sigismund%20of%20Hungary.svg,1387-01-01T00:00:00Z,1437-01-01T00:00:00Z
HUN,Hungary,http://commons.wikimedia.org/wiki/Special:FilePath/Flag%20of%20Vladislaus%20I%20of%20Hungary.svg,1440-01-01T00:00:00Z,1444-01-01T00:00:00Z
HUN,Hungary,http://commons.wikimedia.org/wiki/Special:FilePath/Flag%20of%20Matthias%20I%20of%20Hungary.svg,1458-01-01T00:00:00Z,1490-01-01T00:00:00Z
HUN,Hungary,http://commons.wikimedia.org/wiki/Special:FilePath/Flag%20of%20Vladislaus%20II%20of%20Hungary.svg,1490-01-01T00:00:00Z,1516-01-01T00:00:00Z
HUN,Hungary,http://commons.wikimedia.org/wiki/Special:FilePath/Flag%20of%20Louis%20II%20of%20Hungary.svg,1516-01-01T00:00:00Z,1526-01-01T00:00:00Z
HUN,Hungary,http://commons.wikimedia.org/wiki/Special:FilePath/Flag%20of%20the%20Habsburg%20Monarchy.svg,1720-01-01T00:00:00Z,1848-04-10T00:00:00Z
HUN,Hungary,http://commons.wikimedia.org/wiki/Special:FilePath/Flag%20of%20Hungary%20%281848-1849%2C%201867-1869%29.svg,1848-04-11T00:00:00Z,1849-04-19T00:00:00Z
HUN,Hungary,http://commons.wikimedia.org/wiki/Special:FilePath/Flag%20of%20the%20Habsburg%20Monarchy.svg,1849-08-13T00:00:00Z,1867-07-28T00:00:00Z
HUN,Hungary,http://commons.wikimedia.org/wiki/Special:FilePath/Flag%20of%20Hungary%20%281848-1849%2C%201867-1869%29.svg,1867-07-28T00:00:00Z,1869-01-01T00:00:00Z
HUN,Hungary,http://commons.wikimedia.org/wiki/Special:FilePath/Flag%20of%20Hungary%20%281869-1874%29.svg,1869-01-01T00:00:00Z,1874-02-08T00:00:00Z
HUN,Hungary,http://commons.wikimedia.org/wiki/Special:FilePath/Flag%20of%20Hungary%20%281874-1896%29.svg,1874-02-09T00:00:00Z,1896-01-11T00:00:00Z
HUN,Hungary,http://commons.wikimedia.org/wiki/Special:FilePath/Flag%20of%20Hungary%20%281896-1915%29.svg,1896-01-12T00:00:00Z,1915-11-05T00:00:00Z
HUN,Hungary,http://commons.wikimedia.org/wiki/Special:FilePath/Flag%20of%20Hungary%20%281915-1918%2C%201919-1946%29.svg,1915-11-06T00:00:00Z,1918-11-28T00:00:00Z
HUN,Hungary,http://commons.wikimedia.org/wiki/Special:FilePath/Flag%20of%20Hungary%20%281919%29.svg,1919-03-21T00:00:00Z,1919-08-01T00:00:00Z
HUN,Hungary,http://commons.wikimedia.org/wiki/Special:FilePath/Flag%20of%20Hungary%20%281915-1918%2C%201919-1946%29.svg,1919-08-06T00:00:00Z,1946-06-04T00:00:00Z
HUN,Hungary,http://commons.wikimedia.org/wiki/Special:FilePath/Flag%20of%20Hungary%20%281946-1949%2C%201956-1957%29.svg,1946-06-05T00:00:00Z,1949-08-19T00:00:00Z
HUN,Hungary,http://commons.wikimedia.org/wiki/Special:FilePath/Flag%20of%20Hungary%20%281949-1956%29.svg,1949-08-20T00:00:00Z,1956-11-11T00:00:00Z
HUN,Hungary,http://commons.wikimedia.org/wiki/Special:FilePath/Flag%20of%20Hungary%20%281946-1949%2C%201956-1957%29.svg,1956-11-12T00:00:00Z,1957-05-22T00:00:00Z
HUN,Hungary,http://commons.wikimedia.org/wiki/Special:FilePath/Flag%20of%20Hungary.svg,1957-05-23T00:00:00Z,
HUN,Hungary,http://commons.wikimedia.org/wiki/Special:FilePath/Flag%20of%20Hungary%20%281989-2003%29.svg,1989-10-01T00:00:00Z,2003-10-01T00:00:00Z
IRL,Ireland,http://commons.wikimedia.org/wiki/Special:FilePath/Flag%20of%20Ireland.svg,1937-12-29T00:00:00Z,
ISL,Iceland,http://commons.wikimedia.org/wiki/Special:FilePath/Flag%20of%20Iceland%20%281918%E2%80%931944%29.svg,1918-11-30T00:00:00Z,1944-06-17T00:00:00Z
ISL,Iceland,http://commons.wikimedia.org/wiki/Special:FilePath/Flag%20of%20Iceland.svg,1944-06-17T00:00:00Z,
ITA,Italy,http://commons.wikimedia.org/wiki/Special:FilePath/Flag%20of%20Italy%20%281861%E2%80%931946%29.svg,1861-01-01T00:00:00Z,1946-06-19T00:00:00Z
ITA,Italy,http://commons.wikimedia.org/wiki/Special:FilePath/Flag%20of%20Italy%20%281946%E2%80%932003%29.svg,1946-06-19T00:00:00Z,2003-01-17T00:00:00Z
ITA,Italy,http://commons.wikimedia.org/wiki/Special:FilePath/Flag%20of%20Italy%20%282003%E2%80%932006%29.svg,2003-01-17T00:00:00Z,2006-07-28T00:00:00Z
ITA,Italy,http://commons.wikimedia.org/wiki/Special:FilePath/Flag%20of%20Italy.svg,2006-07-28T00:00:00Z,
LTU,Lithuania,http://commons.wikimedia.org/wiki/Special:FilePath/Flag%20of%20Lithuania%20%281918%E2%80%931940%29.svg,1918-04-19T00:00:00Z,1940-07-21T00:00:00Z
LTU,Lithuania,http://commons.wikimedia.org/wiki/Special:FilePath/Flag%20of%20Lithuania%20%281988%E2%80%932004%29.svg,1990-03-11T00:00:00Z,2004-08-31T00:00:00Z
LTU,Lithuania,http://commons.wikimedia.org/wiki/Special:FilePath/Flag%20of%20Lithuania.svg,2004-09-01T00:00:00Z,
LUX,Luxembourg,http://commons.wikimedia.org/wiki/Special:FilePath/Flag%20of%20Luxembourg.svg,,
LVA,Latvia,http://commons.wikimedia.org/wiki/Special:FilePath/Flag%20of%20Latvia.svg,,
MDA,Moldova,http://commons.wikimedia.org/wiki/Special:FilePath/Flag%20of%20Moldova.svg,,
MKD,North Macedonia,http://commons.wikimedia.org/wiki/Special:FilePath/Flag%20of%20Macedonia%20%281992%E2%80%931995%29.svg,1992-08-11T00:00:00Z,1995-10-05T00:00:00Z
MKD,North Macedonia,http://commons.wikimedia.org/wiki/Special:FilePath/Flag%20of%20North%20Macedonia.svg,1995-10-06T00:00:00Z,
MNE,Montenegro,http://commons.wikimedia.org/wiki/Special:FilePath/Flag%20of%20Montenegro.svg,2004-07-13T00:00:00Z,
NLD,Kingdom of the Netherlands,http://commons.wikimedia.org/wiki/Special:FilePath/Flag%20of%20the%20Netherlands.svg,1690-01-01T00:00:00Z,
NOR,Norway,http://commons.wikimedia.org/wiki/Special:FilePath/Flag%20of%20Norway.svg,1821-07-13T00:00:00Z,
POL,Poland,http://commons.wikimedia.org/wiki/Special:FilePath/Flag%20of%20Poland%20%281919%E2%80%931928%29.svg,1919-01-01T00:00:00Z,1928-01-01T00:00:00Z
POL,Poland,http://commons.wikimedia.org/wiki/Special:FilePath/Flag%20of%20Poland%20%281928%E2%80%931980%29.svg,1927-12-13T00:00:00Z,1980-01-31T00:00:00Z
POL,Poland,http://commons.wikimedia.org/wiki/Special:FilePath/Flag%20of%20Poland.svg,1980-01-31T00:00:00Z,
PRT,Portugal,http://commons.wikimedia.org/wiki/Special:FilePath/PortugueseFlag1095.svg,1095-01-01T00:00:00Z,1143-01-01T00:00:00Z
PRT,Portugal,http://commons.wikimedia.org/wiki/Special:FilePath/PortugueseFlag1143.svg,1143-01-01T00:00:00Z,1185-01-01T00:00:00Z
PRT,Portugal,http://commons.wikimedia.org/wiki/Special:FilePath/PortugueseFlag1185.svg,1185-01-01T00:00:00Z,1248-01-01T00:00:00Z
PRT,Portugal,http://commons.wikimedia.org/wiki/Special:FilePath/Flag%20of%20the%20Kingdom%20of%20Portugal%20%281248%E2%80%931385%29.svg,1248-01-01T00:00:00Z,1385-01-01T00:00:00Z
PRT,Portugal,http://commons.wikimedia.org/wiki/Special:FilePath/Flag%20of%20the%20Kingdom%20of%20Portugal%20%281385%E2%80%931485%29.svg,1385-01-01T00:00:00Z,1485-01-01T00:00:00Z
PRT,Portugal,http://commons.wikimedia.org/wiki/Special:FilePath/Flag%20of%20the%20Kingdom%20of%20Portugal%20%281485%E2%80%93mid-16th%20century%29.svg,1485-01-01T00:00:00Z,1495-01-01T00:00:00Z
PRT,Portugal,http://commons.wikimedia.org/wiki/Special:FilePath/Flag%20of%20Portugal%20%281495%29.svg,1495-01-01T00:00:00Z,1521-01-01T00:00:00Z
PRT,Portugal,http://commons.wikimedia.org/wiki/Special:FilePath/Flag%20of%20Portugal%20%281521%29.svg,1521-01-01T00:00:00Z,1578-01-01T00:00:00Z
PRT,Portugal,http://commons.wikimedia.org/wiki/Special:FilePath/Flag%20of%20Portugal%20%281578%29.svg,1578-01-01T00:00:00Z,1640-01-01T00:00:00Z
PRT,Portugal,http://commons.wikimedia.org/wiki/Special:FilePath/Flag%20of%20Portugal%20%281640%29.svg,1640-01-01T00:00:00Z,1667-01-01T00:00:00Z
PRT,Portugal,http://commons.wikimedia.org/wiki/Special:FilePath/Flag%20of%20Portugal%20%281667%29.svg,1667-01-01T00:00:00Z,1707-01-01T00:00:00Z
PRT,Portugal,http://commons.wikimedia.org/wiki/Special:FilePath/Flag%20of%20Portugal%20%281707%29.svg,1707-01-01T00:00:00Z,1750-01-01T00:00:00Z
PRT,Portugal,http://commons.wikimedia.org/wiki/Special:FilePath/Flag%20of%20Portugal%20%281750%29%20%28variant%29.svg,1750-01-01T00:00:00Z,1816-01-01T00:00:00Z
PRT,Portugal,http://commons.wikimedia.org/wiki/Special:FilePath/Flag%20of%20the%20United%20Kingdom%20of%20Portugal%2C%20Brazil%2C%20and%20the%20Algarves%20%281815-1825%29.svg,1816-01-01T00:00:00Z,1830-01-01T00:00:00Z
PRT,Portugal,http://commons.wikimedia.org/wiki/Special:FilePath/Flag%20of%20Portugal%20%281830%E2%80%931910%29.svg,1830-01-01T00:00:00Z,1911-06-30T00:00:00Z
PRT,Portugal,http://commons.wikimedia.org/wiki/Special:FilePath/Flag%20of%20Portugal%20%28official%29.svg,1911-06-30T00:00:00Z,
ROU,Romania,http://commons.wikimedia.org/wiki/Special:FilePath/Flag%20of%20the%20United%20Principalities%20of%20Romania%20%281862%E2%80%931866%29.svg,1862-01-01T00:00:00Z,1866-01-01T00:00:00Z
ROU,Romania,http://commons.wikimedia.org/wiki/Special:FilePath/Flag%20of%20Romania.svg,1867-04-24T00:00:00Z,1947-12-30T00:00:00Z
ROU,Romania,http://commons.wikimedia.org/wiki/Special:FilePath/Flag%20of%20Romania%20%28January-March%201948%29.svg,1947-12-30T00:00:00Z,1949-03-28T00:00:00Z
ROU,Romania,http://commons.wikimedia.org/wiki/Special:FilePath/Flag%20of%20Romania%20%281948%E2%80%931952%29.svg,1949-03-28T00:00:00Z,1952-01-01T00:00:00Z
ROU,Romania,http://commons.wikimedia.org/wiki/Special:FilePath/Flag%20of%20Romania%20%281952%E2%80%931965%29.svg,1952-01-01T00:00:00Z,1965-01-01T00:00:00Z
ROU,Romania,http://commons.wikimedia.org/wiki/Special:FilePath/Flag%20of%20Romania%20%281965%E2%80%931989%29.svg,1965-01-01T00:00:00Z,1989-12-27T00:00:00Z
ROU,Romania,http://commons.wikimedia.org/wiki/Special:FilePath/Flag%20of%20Romania.svg,1989-12-27T00:00:00Z,
RUS,Russia,http://commons.wikimedia.org/wiki/Special:FilePath/Flag%20of%20Russia%20%281858%E2%80%931896%29.svg,1858-01-01T00:00:00Z,1896-01-01T00:00:00Z
RUS,Russia,http://commons.wikimedia.org/wiki/Special:FilePath/Flag%20of%20Russia.svg,1896-05-11T00:00:00Z,1918-01-01T00:00:00Z
RUS,Russia,http://commons.wikimedia.org/wiki/Special:FilePath/Flag%20of%20the%20Russian%20Soviet%20Federative%20Socialist%20Republic%20%281918%E2%80%931925%29.svg,1918-01-01T00:00:00Z,1937-01-01T00:00:00Z
RUS,Russia,http://commons.wikimedia.org/wiki/Special:FilePath/Flag%20of%20the%20Russian%20Soviet%20Federative%20Socialist%20Republic%20%281937%E2%80%931954%29.svg,1937-01-01T00:00:00Z,1954-01-01T00:00:00Z
RUS,Russia,http://commons.wikimedia.org/wiki/Special:FilePath/Flag%20of%20the%20Russian%20Soviet%20Federative%20Socialist%20Republic%20%281954%E2%80%931991%29.svg,1954-01-01T00:00:00Z,1991-08-22T00:00:00Z
RUS,Russia,http://commons.wikimedia.org/wiki/Special:FilePath/Flag%20of%20Russia%20%281991%E2%80%931993%29.svg,1991-08-22T00:00:00Z,1993-12-11T00:00:00Z
RUS,Russia,http://commons.wikimedia.org/wiki/Special:FilePath/Flag%20of%20Russia.svg,1993-12-11T00:00:00Z,
SRB,Serbia,http://commons.wikimedia.org/wiki/Special:FilePath/Civil%20flag%20of%20Serbia.svg,1835-04-27T00:00:00Z,1882-02-22T00:00:00Z
SRB,Serbia,http://commons.wikimedia.org/wiki/Special:FilePath/State%20Flag%20of%20Serbia%20%281882-1918%29.png,1882-02-22T00:00:00Z,1918-12-01T00:00:00Z
SRB,Serbia,http://commons.wikimedia.org/wiki/Special:FilePath/Flag%20of%20the%20Government%20of%20National%20Salvation%20%28occupied%20Yugoslavia%29.svg,1941-04-17T00:00:00Z,1944-10-20T00:00:00Z
SRB,Serbia,http://commons.wikimedia.org/wiki/Special:FilePath/Flag%20of%20Montenegro%20%281946%E2%80%931993%29%2C%20Flag%20of%20Serbia%20%281947%E2%80%931992%29.svg,1946-01-01T00:00:00Z,1992-04-27T00:00:00Z
SRB,Serbia,http://commons.wikimedia.org/wiki/Special:FilePath/Flag%20of%20Serbia%20%281992%E2%80%932004%29.svg,1992-04-27T00:00:00Z,2004-08-17T00:00:00Z
SRB,Serbia,http://commons.wikimedia.org/wiki/Special:FilePath/Flag%20of%20Serbia%20%282004%E2%80%932010%29.svg,2004-08-17T00:00:00Z,2010-11-10T00:00:00Z
SRB,Serbia,http://commons.wikimedia.org/wiki/Special:FilePath/Flag%20of%20Serbia.svg,2010-11-11T00:00:00Z,
SVK,Slovakia,http://commons.wikimedia.org/wiki/Special:FilePath/Flag%20of%20Slovakia%20%281939%E2%80%931945%29.svg,1939-01-01T00:00:00Z,1945-01-01T00:00:00Z
SVK,Slovakia,http://commons.wikimedia.org/wiki/Special:FilePath/Flag%20of%20Slovakia.svg,1992-09-03T00:00:00Z,
SVN,Slovenia,http://commons.wikimedia.org/wiki/Special:FilePath/Flag%20of%20Slovenia.svg,,
SWE,Sweden,http://commons.wikimedia.org/wiki/Special:FilePath/Flag%20of%20Sweden.svg,,
TUR,Turkey,http://commons.wikimedia.org/wiki/Special:FilePath/Flag%20of%20Turkey.svg,,
UKR,Ukraine,http://commons.wikimedia.org/wiki/Special:FilePath/Flag%20of%20Ukraine%20%281991%E2%80%931992%29.svg,1991-09-18T00:00:00Z,1992-01-28T00:00:00Z
UKR,Ukraine,http://commons.wikimedia.org/wiki/Special:FilePath/Flag%20of%20Ukraine.svg,1992-01-28T00:00:00Z,
