province_id;province_name;country_iso3;country_name;population;gdp;gdp_per_capita;gdp_source;gdp_year
0;Dibër;ALB;Albania;122187;1.42;1.2e-05;country_total_population_share;2024
1;Kukës;ALB;Albania;81136;0.94;1.2e-05;country_total_population_share;2024
2;Korçë;ALB;Albania;219991;2.56;1.2e-05;country_total_population_share;2024
3;Elbasan;ALB;Albania;288907;3.36;1.2e-05;country_total_population_share;2024
4;Gjirokastër;ALB;Albania;61635;0.72;1.2e-05;country_total_population_share;2024
5;Vlorë;ALB;Albania;206223;2.4;1.2e-05;country_total_population_share;2024
6;Shkodër;ALB;Albania;215203;2.5;1.2e-05;country_total_population_share;2024
7;Fier;ALB;Albania;310427;3.61;1.2e-05;country_total_population_share;2024
8;Tirana;ALB;Albania;1025241;11.91;1.2e-05;country_total_population_share;2024
9;Lezhë;ALB;Albania;130770;1.52;1.2e-05;country_total_population_share;2024
10;Berat;ALB;Albania;128280;1.49;1.2e-05;country_total_population_share;2024
11;Lower Austria;AUT;Austria;2202328;145.43;6.6e-05;country_total_population_share;2024
12;Upper Austria;AUT;Austria;1948648;128.67;6.6e-05;country_total_population_share;2024
13;Burgenland;AUT;Austria;384997;25.42;6.6e-05;country_total_population_share;2024
14;Vorarlberg;AUT;Austria;529519;34.97;6.6e-05;country_total_population_share;2024
15;Tyrol;AUT;Austria;990662;65.42;6.6e-05;country_total_population_share;2024
16;Salzburg;AUT;Austria;730162;48.21;6.6e-05;country_total_population_share;2024
17;Carinthia;AUT;Austria;733932;48.46;6.6e-05;country_total_population_share;2024
18;Styria;AUT;Austria;1629752;107.62;6.6e-05;country_total_population_share;2024
19;West Flanders;BEL;Belgium;1264786;81.45;6.4e-05;country_total_population_share;2024
20;Hainaut;BEL;Belgium;1534374;98.81;6.4e-05;country_total_population_share;2024
21;Namur;BEL;Belgium;1434371;92.37;6.4e-05;country_total_population_share;2024
22;Luxembourg;BEL;Belgium;1709854;110.11;6.4e-05;country_total_population_share;2024
23;Liège;BEL;Belgium;1444328;93.01;6.4e-05;country_total_population_share;2024
24;East Flanders;BEL;Belgium;1148168;73.94;6.4e-05;country_total_population_share;2024
25;Antwerp;BEL;Belgium;1067136;68.72;6.4e-05;country_total_population_share;2024
26;Limburg;BEL;Belgium;911287;58.68;6.4e-05;country_total_population_share;2024
27;Flemish Brabant;BEL;Belgium;881870;56.79;6.4e-05;country_total_population_share;2024
28;Walloon Brabant;BEL;Belgium;423826;27.29;6.4e-05;country_total_population_share;2024
29;Burgas;BGR;Bulgaria;487147;10.76;2.2e-05;country_total_population_share;2024
30;Yambol;BGR;Bulgaria;132058;2.92;2.2e-05;country_total_population_share;2024
31;Haskovo;BGR;Bulgaria;259728;5.73;2.2e-05;country_total_population_share;2024
32;Vidin;BGR;Bulgaria;88359;1.95;2.2e-05;country_total_population_share;2024
33;Pernik;BGR;Bulgaria;137640;3.04;2.2e-05;country_total_population_share;2024
34;Sofia;BGR;Bulgaria;281454;6.21;2.2e-05;country_total_population_share;2024
35;Montana;BGR;Bulgaria;141211;3.12;2.2e-05;country_total_population_share;2024
36;Kyustendil;BGR;Bulgaria;132937;2.94;2.2e-05;country_total_population_share;2024
37;Blagoevgrad;BGR;Bulgaria;358652;7.92;2.2e-05;country_total_population_share;2024
38;Silistra;BGR;Bulgaria;117177;2.59;2.2e-05;country_total_population_share;2024
39;Ruse;BGR;Bulgaria;233094;5.15;2.2e-05;country_total_population_share;2024
40;Dobrich;BGR;Bulgaria;181882;4.02;2.2e-05;country_total_population_share;2024
41;Vratsa;BGR;Bulgaria;182878;4.04;2.2e-05;country_total_population_share;2024
42;Pleven;BGR;Bulgaria;269711;5.96;2.2e-05;country_total_population_share;2024
43;Veliko Tarnovo;BGR;Bulgaria;251031;5.54;2.2e-05;country_total_population_share;2024
44;Kardzhali;BGR;Bulgaria;187232;4.13;2.2e-05;country_total_population_share;2024
45;Smolyan;BGR;Bulgaria;113401;2.5;2.2e-05;country_total_population_share;2024
46;Varna;BGR;Bulgaria;548024;12.1;2.2e-05;country_total_population_share;2024
47;Plovdiv;BGR;Bulgaria;796169;17.58;2.2e-05;country_total_population_share;2024
48;Stara Zagora;BGR;Bulgaria;361661;7.99;2.2e-05;country_total_population_share;2024
49;Sliven;BGR;Bulgaria;212059;4.68;2.2e-05;country_total_population_share;2024
50;Shumen;BGR;Bulgaria;186983;4.13;2.2e-05;country_total_population_share;2024
51;Razgrad;BGR;Bulgaria;124580;2.75;2.2e-05;country_total_population_share;2024
52;Targovishte;BGR;Bulgaria;118663;2.62;2.2e-05;country_total_population_share;2024
53;Gabrovo;BGR;Bulgaria;117513;2.59;2.2e-05;country_total_population_share;2024
54;Pazardzhik;BGR;Bulgaria;279942;6.18;2.2e-05;country_total_population_share;2024
55;Lovech;BGR;Bulgaria;138814;3.07;2.2e-05;country_total_population_share;2024
56;Herzegovina-Neretva Canton;BIH;Bosnia and Herzegovina;77315;0.87;1.1e-05;country_total_population_share;2024
57;Trebinje;BIH;Bosnia and Herzegovina;296437;3.35;1.1e-05;country_total_population_share;2024
58;Foča;BIH;Bosnia and Herzegovina;198692;2.24;1.1e-05;country_total_population_share;2024
59;Banja Luka;BIH;Bosnia and Herzegovina;206705;2.33;1.1e-05;country_total_population_share;2024
60;Una-Sana Canton;BIH;Bosnia and Herzegovina;552251;6.23;1.1e-05;country_total_population_share;2024
61;Doboj;BIH;Bosnia and Herzegovina;300208;3.39;1.1e-05;country_total_population_share;2024
62;Bijeljina;BIH;Bosnia and Herzegovina;144744;1.63;1.1e-05;country_total_population_share;2024
63;Livno;BIH;Bosnia and Herzegovina;126313;1.43;1.1e-05;country_total_population_share;2024
64;West Herzegovina Canton;BIH;Bosnia and Herzegovina;326931;3.69;1.1e-05;country_total_population_share;2024
65;Vlasenica;BIH;Bosnia and Herzegovina;93773;1.06;1.1e-05;country_total_population_share;2024
66;Central Bosnia Canton;BIH;Bosnia and Herzegovina;137049;1.55;1.1e-05;country_total_population_share;2024
67;Zenica-Doboj Canton;BIH;Bosnia and Herzegovina;212306;2.4;1.1e-05;country_total_population_share;2024
68;Tuzla Canton;BIH;Bosnia and Herzegovina;212787;2.4;1.1e-05;country_total_population_share;2024
69;Sarajevo-Romanija;BIH;Bosnia and Herzegovina;189701;2.14;1.1e-05;country_total_population_share;2024
70;Sarajevo Canton;BIH;Bosnia and Herzegovina;134788;1.52;1.1e-05;country_total_population_share;2024
71;Gomel;BLR;Belarus;1708382;16.91;1e-05;country_total_population_share;2024
72;Brest;BLR;Belarus;1672283;16.55;1e-05;country_total_population_share;2024
73;Vitebsk;BLR;Belarus;1379165;13.65;1e-05;country_total_population_share;2024
74;Grodno;BLR;Belarus;1267007;12.54;1e-05;country_total_population_share;2024
75;Mahilioŭ;BLR;Belarus;1249621;12.37;1e-05;country_total_population_share;2024
76;Minsk;BLR;Belarus;1873542;18.54;1e-05;country_total_population_share;2024
77;Valais;CHE;Switzerland;518799;62.22;0.00012;country_total_population_share;2024
78;Ticino;CHE;Switzerland;532959;63.92;0.00012;country_total_population_share;2024
79;Grisons;CHE;Switzerland;299222;35.89;0.00012;country_total_population_share;2024
80;Thurgau;CHE;Switzerland;417012;50.01;0.00012;country_total_population_share;2024
81;Zürich;CHE;Switzerland;2294124;275.14;0.00012;country_total_population_share;2024
82;Aargau;CHE;Switzerland;1022962;122.69;0.00012;country_total_population_share;2024
83;St. Gallen;CHE;Switzerland;765776;91.84;0.00012;country_total_population_share;2024
84;Solothurn;CHE;Switzerland;412068;49.42;0.00012;country_total_population_share;2024
85;Vaud;CHE;Switzerland;1205376;144.56;0.00012;country_total_population_share;2024
86;Bern;CHE;Switzerland;338273;40.57;0.00012;country_total_population_share;2024
87;Lucerne;CHE;Switzerland;617748;74.09;0.00012;country_total_population_share;2024
88;Uri;CHE;Switzerland;54954;6.59;0.00012;country_total_population_share;2024
89;Fribourg;CHE;Switzerland;480727;57.65;0.00012;country_total_population_share;2024
90;Famagusta;CYP;Cyprus;84268;2.89;3.4e-05;country_total_population_share;2024
91;Nicosia;CYP;Cyprus;590914;20.24;3.4e-05;country_total_population_share;2024
92;Limassol;CYP;Cyprus;425286;14.57;3.4e-05;country_total_population_share;2024
93;Paphos;CYP;Cyprus;159532;5.46;3.4e-05;country_total_population_share;2024
94;Ústí nad Labem;CZE;Czech Republic;926708;35.46;3.8e-05;country_total_population_share;2024
95;Liberec;CZE;Czech Republic;515305;19.72;3.8e-05;country_total_population_share;2024
96;Karlovy Vary;CZE;Czech Republic;336122;12.86;3.8e-05;country_total_population_share;2024
97;Plzeň-;CZE;Czech Republic;704630;26.97;3.8e-05;country_total_population_share;2024
98;South Bohemian;CZE;Czech Republic;748867;28.66;3.8e-05;country_total_population_share;2024
99;Hradec Králové;CZE;Czech Republic;637316;24.39;3.8e-05;country_total_population_share;2024
100;Olomouc;CZE;Czech Republic;723959;27.71;3.8e-05;country_total_population_share;2024
101;Pardubice;CZE;Czech Republic;608136;23.27;3.8e-05;country_total_population_share;2024
102;Moravian-Silesian;CZE;Czech Republic;1363316;52.17;3.8e-05;country_total_population_share;2024
103;South Moravian;CZE;Czech Republic;1409331;53.93;3.8e-05;country_total_population_share;2024
104;Zlín;CZE;Czech Republic;663770;25.4;3.8e-05;country_total_population_share;2024
105;Vysočina;CZE;Czech Republic;593436;22.71;3.8e-05;country_total_population_share;2024
106;Central Bohemian;CZE;Czech Republic;1669104;63.87;3.8e-05;country_total_population_share;2024
107;Saxony;DEU;Germany;4532040;285.43;6.3e-05;country_total_population_share;2024
108;Bavaria;DEU;Germany;14545128;916.06;6.3e-05;country_total_population_share;2024
109;Rhineland-Palatinate;DEU;Germany;4537251;285.76;6.3e-05;country_total_population_share;2024
110;Saarland;DEU;Germany;1127691;71.02;6.3e-05;country_total_population_share;2024
111;Schleswig-Holstein;DEU;Germany;3272881;206.13;6.3e-05;country_total_population_share;2024
112;Lower Saxony;DEU;Germany;8869571;558.61;6.3e-05;country_total_population_share;2024
113;North Rhine-Westphalia;DEU;Germany;19873365;1251.64;6.3e-05;country_total_population_share;2024
114;Baden-Württemberg;DEU;Germany;12305746;775.03;6.3e-05;country_total_population_share;2024
115;Brandenburg;DEU;Germany;2808320;176.87;6.3e-05;country_total_population_share;2024
116;Mecklenburg-Western Pomerania;DEU;Germany;1740815;109.64;6.3e-05;country_total_population_share;2024
117;Hesse;DEU;Germany;6103842;384.43;6.3e-05;country_total_population_share;2024
118;Thuringia;DEU;Germany;2394869;150.83;6.3e-05;country_total_population_share;2024
119;Saxony-Anhalt;DEU;Germany;2488481;156.73;6.3e-05;country_total_population_share;2024
120;North Denmark;DNK;Denmark;2440855;204.79;8.4e-05;country_total_population_share;2024
121;Denmark;DNK;Denmark;3519145;295.26;8.4e-05;country_total_population_share;2024
122;Navarre;ESP;Spain;1246662;52.38;4.2e-05;country_total_population_share;2024
123;Gipuzkoa;ESP;Spain;808094;33.95;4.2e-05;country_total_population_share;2024
124;Huesca;ESP;Spain;385140;16.18;4.2e-05;country_total_population_share;2024
125;Lleida;ESP;Spain;692427;29.09;4.2e-05;country_total_population_share;2024
126;Girona;ESP;Spain;2244817;94.31;4.2e-05;country_total_population_share;2024
127;Badajoz;ESP;Spain;296292;12.45;4.2e-05;country_total_population_share;2024
128;Cádiz;ESP;Spain;1388023;58.31;4.2e-05;country_total_population_share;2024
129;Ourense;ESP;Spain;776935;32.64;4.2e-05;country_total_population_share;2024
130;Cáceres;ESP;Spain;751221;31.56;4.2e-05;country_total_population_share;2024
131;Salamanca;ESP;Spain;1924901;80.87;4.2e-05;country_total_population_share;2024
132;Zamora;ESP;Spain;768955;32.31;4.2e-05;country_total_population_share;2024
133;Pontevedra;ESP;Spain;511382;21.48;4.2e-05;country_total_population_share;2024
134;Huelva;ESP;Spain;1729530;72.66;4.2e-05;country_total_population_share;2024
135;Barcelona;ESP;Spain;2706671;113.72;4.2e-05;country_total_population_share;2024
136;Tarragona;ESP;Spain;2350547;98.75;4.2e-05;country_total_population_share;2024
137;Castellón;ESP;Spain;491873;20.67;4.2e-05;country_total_population_share;2024
138;Valencia;ESP;Spain;996317;41.86;4.2e-05;country_total_population_share;2024
139;Alicante;ESP;Spain;793524;33.34;4.2e-05;country_total_population_share;2024
140;Murcia;ESP;Spain;662081;27.82;4.2e-05;country_total_population_share;2024
141;Almería;ESP;Spain;678337;28.5;4.2e-05;country_total_population_share;2024
142;Granada;ESP;Spain;1017025;42.73;4.2e-05;country_total_population_share;2024
143;Málaga;ESP;Spain;601685;25.28;4.2e-05;country_total_population_share;2024
144;Seville;ESP;Spain;1060142;44.54;4.2e-05;country_total_population_share;2024
145;A Coruña;ESP;Spain;591832;24.86;4.2e-05;country_total_population_share;2024
146;Lugo;ESP;Spain;809654;34.02;4.2e-05;country_total_population_share;2024
147;Asturias;ESP;Spain;1002975;42.14;4.2e-05;country_total_population_share;2024
148;Cantabria;ESP;Spain;588598;24.73;4.2e-05;country_total_population_share;2024
149;Biscay;ESP;Spain;809409;34.01;4.2e-05;country_total_population_share;2024
150;Santa Cruz de Tenerife;ESP;Spain;972991;40.88;4.2e-05;country_total_population_share;2024
151;Las Palmas;ESP;Spain;1041644;43.76;4.2e-05;country_total_population_share;2024
152;Balearic Islands;ESP;Spain;578703;24.31;4.2e-05;country_total_population_share;2024
153;Zaragoza;ESP;Spain;141677;5.95;4.2e-05;country_total_population_share;2024
154;La Rioja;ESP;Spain;322773;13.56;4.2e-05;country_total_population_share;2024
155;Araba / Álava;ESP;Spain;456815;19.19;4.2e-05;country_total_population_share;2024
156;Albacete;ESP;Spain;348736;14.65;4.2e-05;country_total_population_share;2024
157;Teruel;ESP;Spain;814262;34.21;4.2e-05;country_total_population_share;2024
158;Cuenca;ESP;Spain;361153;15.17;4.2e-05;country_total_population_share;2024
159;Toledo;ESP;Spain;232972;9.79;4.2e-05;country_total_population_share;2024
160;León;ESP;Spain;1384261;58.16;4.2e-05;country_total_population_share;2024
161;Soria;ESP;Spain;1375525;57.79;4.2e-05;country_total_population_share;2024
162;Burgos;ESP;Spain;1559329;65.51;4.2e-05;country_total_population_share;2024
163;Ávila;ESP;Spain;1418652;59.6;4.2e-05;country_total_population_share;2024
164;Palencia;ESP;Spain;1442378;60.6;4.2e-05;country_total_population_share;2024
165;Ciudad Real;ESP;Spain;630355;26.48;4.2e-05;country_total_population_share;2024
166;Córdoba;ESP;Spain;1310118;55.04;4.2e-05;country_total_population_share;2024
167;Guadalajara;ESP;Spain;515119;21.64;4.2e-05;country_total_population_share;2024
168;Jaén;ESP;Spain;791547;33.26;4.2e-05;country_total_population_share;2024
169;Community of Madrid;ESP;Spain;1755301;73.75;4.2e-05;country_total_population_share;2024
170;Segovia;ESP;Spain;1290879;54.23;4.2e-05;country_total_population_share;2024
171;Valladolid;ESP;Spain;1169761;49.15;4.2e-05;country_total_population_share;2024
172;Viljandi;EST;Estonia;45516;1.7;3.7e-05;country_total_population_share;2024
173;Pärnu;EST;Estonia;87186;3.25;3.7e-05;country_total_population_share;2024
174;Valga;EST;Estonia;27851;1.04;3.7e-05;country_total_population_share;2024
175;Võru;EST;Estonia;33959;1.27;3.7e-05;country_total_population_share;2024
176;Ida-Viru;EST;Estonia;133003;4.96;3.7e-05;country_total_population_share;2024
177;Põlva;EST;Estonia;23973;0.89;3.7e-05;country_total_population_share;2024
178;Tartu;EST;Estonia;161958;6.03;3.7e-05;country_total_population_share;2024
179;Jõgeva;EST;Estonia;27666;1.03;3.7e-05;country_total_population_share;2024
180;Lääne;EST;Estonia;20571;0.77;3.7e-05;country_total_population_share;2024
181;Harju;EST;Estonia;644592;24.01;3.7e-05;country_total_population_share;2024
182;Lääne-Viru;EST;Estonia;59450;2.21;3.7e-05;country_total_population_share;2024
183;Saare;EST;Estonia;31937;1.19;3.7e-05;country_total_population_share;2024
184;Hiiu;EST;Estonia;8397;0.31;3.7e-05;country_total_population_share;2024
185;Rapla;EST;Estonia;33948;1.26;3.7e-05;country_total_population_share;2024
186;Järva;EST;Estonia;29993;1.12;3.7e-05;country_total_population_share;2024
187;Lapland;FIN;Finland;201063;12.03;6e-05;country_total_population_share;2024
188;Northern Ostrobothnia;FIN;Finland;19960;1.19;6e-05;country_total_population_share;2024
189;Kainuu;FIN;Finland;81562;4.88;6e-05;country_total_population_share;2024
190;North Karelia;FIN;Finland;186111;11.13;6e-05;country_total_population_share;2024
191;South Karelia;FIN;Finland;143485;8.58;6e-05;country_total_population_share;2024
192;Kymenlaakso;FIN;Finland;185280;11.08;6e-05;country_total_population_share;2024
193;Uusimaa;FIN;Finland;1939502;116.0;6e-05;country_total_population_share;2024
194;Finland Proper;FIN;Finland;397803;23.79;6e-05;country_total_population_share;2024
195;Satakunta;FIN;Finland;245027;14.65;6e-05;country_total_population_share;2024
196;Ostrobothnia;FIN;Finland;200050;11.96;6e-05;country_total_population_share;2024
197;Central Ostrobothnia;FIN;Finland;77344;4.63;6e-05;country_total_population_share;2024
198;Northern Savonia;FIN;Finland;180758;10.81;6e-05;country_total_population_share;2024
199;Southern Savonia;FIN;Finland;156303;9.35;6e-05;country_total_population_share;2024
200;Central Finland;FIN;Finland;310106;18.55;6e-05;country_total_population_share;2024
201;Southern Ostrobothnia;FIN;Finland;99095;5.93;6e-05;country_total_population_share;2024
202;Pirkanmaa;FIN;Finland;595750;35.63;6e-05;country_total_population_share;2024
203;Tavastia Proper;FIN;Finland;356570;21.33;6e-05;country_total_population_share;2024
204;Päijänne Tavastia;FIN;Finland;234231;14.01;6e-05;country_total_population_share;2024
205;Nord;FRA;France;2131260;110.88;5.2e-05;country_total_population_share;2024
206;Ardennes;FRA;France;1215240;63.22;5.2e-05;country_total_population_share;2024
207;Aisne;FRA;France;1021415;53.14;5.2e-05;country_total_population_share;2024
208;Meuse;FRA;France;558736;29.07;5.2e-05;country_total_population_share;2024
209;Meurthe-et-Moselle;FRA;France;521746;27.14;5.2e-05;country_total_population_share;2024
210;Moselle;FRA;France;491818;25.59;5.2e-05;country_total_population_share;2024
211;Alpes-Maritimes;FRA;France;1097318;57.09;5.2e-05;country_total_population_share;2024
212;Alpes-de-Haute-Provence;FRA;France;938585;48.83;5.2e-05;country_total_population_share;2024
213;Hautes-Alpes;FRA;France;810036;42.14;5.2e-05;country_total_population_share;2024
214;Savoie;FRA;France;807077;41.99;5.2e-05;country_total_population_share;2024
215;Haute-Savoie;FRA;France;581995;30.28;5.2e-05;country_total_population_share;2024
216;Pyrenees-Atlantics;FRA;France;554106;28.83;5.2e-05;country_total_population_share;2024
217;Haute-Garonne;FRA;France;479763;24.96;5.2e-05;country_total_population_share;2024
218;Hautes-Pyrénées;FRA;France;525254;27.33;5.2e-05;country_total_population_share;2024
219;Ariège;FRA;France;416573;21.67;5.2e-05;country_total_population_share;2024
220;Pyrénées-Orientales;FRA;France;652256;33.93;5.2e-05;country_total_population_share;2024
221;Bas-Rhin;FRA;France;585379;30.45;5.2e-05;country_total_population_share;2024
222;Haut-Rhin;FRA;France;438885;22.83;5.2e-05;country_total_population_share;2024
223;Doubs;FRA;France;378539;19.69;5.2e-05;country_total_population_share;2024
224;Ain;FRA;France;592405;30.82;5.2e-05;country_total_population_share;2024
225;Jura;FRA;France;356183;18.53;5.2e-05;country_total_population_share;2024
226;Var;FRA;France;563626;29.32;5.2e-05;country_total_population_share;2024
227;Bouches-du-Rhône;FRA;France;893664;46.49;5.2e-05;country_total_population_share;2024
228;Gard;FRA;France;488897;25.44;5.2e-05;country_total_population_share;2024
229;Hérault;FRA;France;435666;22.67;5.2e-05;country_total_population_share;2024
230;Aude;FRA;France;514813;26.78;5.2e-05;country_total_population_share;2024
231;Landes;FRA;France;430948;22.42;5.2e-05;country_total_population_share;2024
232;Gironde;FRA;France;479481;24.95;5.2e-05;country_total_population_share;2024
233;Charente-Maritime;FRA;France;500602;26.04;5.2e-05;country_total_population_share;2024
234;Vendée;FRA;France;784773;40.83;5.2e-05;country_total_population_share;2024
235;Loire-Atlantique;FRA;France;1093993;56.92;5.2e-05;country_total_population_share;2024
236;Morbihan;FRA;France;1159072;60.3;5.2e-05;country_total_population_share;2024
237;Finistère;FRA;France;821798;42.75;5.2e-05;country_total_population_share;2024
238;Côtes-d'Armor;FRA;France;800482;41.65;5.2e-05;country_total_population_share;2024
239;Ille-et-Vilaine;FRA;France;818896;42.6;5.2e-05;country_total_population_share;2024
240;Manche;FRA;France;706565;36.76;5.2e-05;country_total_population_share;2024
241;Calvados;FRA;France;708399;36.85;5.2e-05;country_total_population_share;2024
242;Eure;FRA;France;740590;38.53;5.2e-05;country_total_population_share;2024
243;Seine-Maritime;FRA;France;706429;36.75;5.2e-05;country_total_population_share;2024
244;Somme;FRA;France;1043255;54.28;5.2e-05;country_total_population_share;2024
245;Pas-de-Calais;FRA;France;987495;51.38;5.2e-05;country_total_population_share;2024
246;Corse-du-Sud;FRA;France;745891;38.81;5.2e-05;country_total_population_share;2024
247;Gers;FRA;France;528487;27.49;5.2e-05;country_total_population_share;2024
248;Haute-Vienne;FRA;France;504445;26.24;5.2e-05;country_total_population_share;2024
249;Corrèze;FRA;France;541359;28.16;5.2e-05;country_total_population_share;2024
250;Tarn-et-Garonne;FRA;France;416512;21.67;5.2e-05;country_total_population_share;2024
251;Tarn;FRA;France;361551;18.81;5.2e-05;country_total_population_share;2024
252;Isère;FRA;France;827411;43.05;5.2e-05;country_total_population_share;2024
253;Drôme;FRA;France;738838;38.44;5.2e-05;country_total_population_share;2024
254;Aveyron;FRA;France;506770;26.37;5.2e-05;country_total_population_share;2024
255;Lot;FRA;France;340575;17.72;5.2e-05;country_total_population_share;2024
256;Indre-et-Loire;FRA;France;398129;20.71;5.2e-05;country_total_population_share;2024
257;Indre;FRA;France;515928;26.84;5.2e-05;country_total_population_share;2024
258;Loir-et-Cher;FRA;France;444701;23.14;5.2e-05;country_total_population_share;2024
259;Creuse;FRA;France;677103;35.23;5.2e-05;country_total_population_share;2024
260;Mayenne;FRA;France;651203;33.88;5.2e-05;country_total_population_share;2024
261;Sarthe;FRA;France;762169;39.65;5.2e-05;country_total_population_share;2024
262;Vaucluse;FRA;France;1032150;53.7;5.2e-05;country_total_population_share;2024
263;Haute-Marne;FRA;France;584731;30.42;5.2e-05;country_total_population_share;2024
264;Marne;FRA;France;524029;27.26;5.2e-05;country_total_population_share;2024
265;Dordogne;FRA;France;435133;22.64;5.2e-05;country_total_population_share;2024
266;Rhône;FRA;France;822993;42.82;5.2e-05;country_total_population_share;2024
267;Vosges;FRA;France;349441;18.18;5.2e-05;country_total_population_share;2024
268;Ardèche;FRA;France;832304;43.3;5.2e-05;country_total_population_share;2024
269;Loire;FRA;France;1025447;53.35;5.2e-05;country_total_population_share;2024
270;Puy-de-Dôme;FRA;France;1151573;59.91;5.2e-05;country_total_population_share;2024
271;Allier;FRA;France;475129;24.72;5.2e-05;country_total_population_share;2024
272;Loiret;FRA;France;406871;21.17;5.2e-05;country_total_population_share;2024
273;Maine-et-Loire;FRA;France;710926;36.99;5.2e-05;country_total_population_share;2024
274;Aube;FRA;France;467589;24.33;5.2e-05;country_total_population_share;2024
275;Val-d'Oise;FRA;France;3426234;178.25;5.2e-05;country_total_population_share;2024
276;Yvelines;FRA;France;3215722;167.3;5.2e-05;country_total_population_share;2024
277;Charente;FRA;France;536951;27.94;5.2e-05;country_total_population_share;2024
278;Cher;FRA;France;482202;25.09;5.2e-05;country_total_population_share;2024
279;Eure-et-Loir;FRA;France;416189;21.65;5.2e-05;country_total_population_share;2024
280;Haute-Loire;FRA;France;222694;11.59;5.2e-05;country_total_population_share;2024
281;Cantal;FRA;France;346660;18.04;5.2e-05;country_total_population_share;2024
282;Lot-et-Garonne;FRA;France;486511;25.31;5.2e-05;country_total_population_share;2024
283;Lozère;FRA;France;607753;31.62;5.2e-05;country_total_population_share;2024
284;Nièvre;FRA;France;434676;22.61;5.2e-05;country_total_population_share;2024
285;Côte-d’Or;FRA;France;380112;19.78;5.2e-05;country_total_population_share;2024
286;Oise;FRA;France;1007010;52.39;5.2e-05;country_total_population_share;2024
287;Orne;FRA;France;583696;30.37;5.2e-05;country_total_population_share;2024
288;Haute-Saône;FRA;France;391358;20.36;5.2e-05;country_total_population_share;2024
289;Saône-et-Loire;FRA;France;498271;25.92;5.2e-05;country_total_population_share;2024
290;Deux-Sèvres;FRA;France;676917;35.22;5.2e-05;country_total_population_share;2024
291;Vienne;FRA;France;485009;25.23;5.2e-05;country_total_population_share;2024
292;Yonne;FRA;France;454362;23.64;5.2e-05;country_total_population_share;2024
293;Essonne;FRA;France;2432304;126.54;5.2e-05;country_total_population_share;2024
294;Seine-et-Marne;FRA;France;3701968;192.6;5.2e-05;country_total_population_share;2024
295;Strabane;GBR;United Kingdom;633487;39.19;6.2e-05;country_total_population_share;2024
296;Fermanagh;GBR;United Kingdom;709945;43.92;6.2e-05;country_total_population_share;2024
297;Wrexham;GBR;United Kingdom;654813;40.51;6.2e-05;country_total_population_share;2024
298;Shropshire;GBR;United Kingdom;905454;56.02;6.2e-05;country_total_population_share;2024
299;Powys;GBR;United Kingdom;592686;36.67;6.2e-05;country_total_population_share;2024
300;Herefordshire;GBR;United Kingdom;3446859;213.25;6.2e-05;country_total_population_share;2024
301;Gloucestershire;GBR;United Kingdom;1837746;113.7;6.2e-05;country_total_population_share;2024
302;Scottish Borders;GBR;United Kingdom;181418;11.22;6.2e-05;country_total_population_share;2024
303;Northumberland;GBR;United Kingdom;2692653;166.59;6.2e-05;country_total_population_share;2024
304;Cumbria;GBR;United Kingdom;2152108;133.15;6.2e-05;country_total_population_share;2024
305;Dumfries and Galloway;GBR;United Kingdom;451854;27.96;6.2e-05;country_total_population_share;2024
306;Stirling;GBR;United Kingdom;318680;19.72;6.2e-05;country_total_population_share;2024
307;Durham;GBR;United Kingdom;3363796;208.11;6.2e-05;country_total_population_share;2024
308;North Yorkshire;GBR;United Kingdom;2154507;133.3;6.2e-05;country_total_population_share;2024
309;East Riding of Yorkshire;GBR;United Kingdom;2761674;170.86;6.2e-05;country_total_population_share;2024
310;North East Lincolnshire;GBR;United Kingdom;2615664;161.83;6.2e-05;country_total_population_share;2024
311;Lincolnshire;GBR;United Kingdom;1233759;76.33;6.2e-05;country_total_population_share;2024
312;Norfolk;GBR;United Kingdom;1593264;98.57;6.2e-05;country_total_population_share;2024
313;Suffolk;GBR;United Kingdom;4031978;249.45;6.2e-05;country_total_population_share;2024
314;Essex;GBR;United Kingdom;1177497;72.85;6.2e-05;country_total_population_share;2024
315;Kent;GBR;United Kingdom;1112041;68.8;6.2e-05;country_total_population_share;2024
316;East Sussex;GBR;United Kingdom;2705507;167.39;6.2e-05;country_total_population_share;2024
317;West Sussex;GBR;United Kingdom;2267634;140.3;6.2e-05;country_total_population_share;2024
318;Hampshire;GBR;United Kingdom;1665378;103.03;6.2e-05;country_total_population_share;2024
319;Dorset;GBR;United Kingdom;1934552;119.69;6.2e-05;country_total_population_share;2024
320;Cornwall;GBR;United Kingdom;1876088;116.07;6.2e-05;country_total_population_share;2024
321;Somerset;GBR;United Kingdom;872480;53.98;6.2e-05;country_total_population_share;2024
322;Carmarthenshire;GBR;United Kingdom;210479;13.02;6.2e-05;country_total_population_share;2024
323;Pembrokeshire;GBR;United Kingdom;495116;30.63;6.2e-05;country_total_population_share;2024
324;Ceredigion;GBR;United Kingdom;268448;16.61;6.2e-05;country_total_population_share;2024
325;Gwynedd;GBR;United Kingdom;599873;37.11;6.2e-05;country_total_population_share;2024
326;Conwy;GBR;United Kingdom;345191;21.36;6.2e-05;country_total_population_share;2024
327;Lancashire;GBR;United Kingdom;1724784;106.71;6.2e-05;country_total_population_share;2024
328;South Ayrshire;GBR;United Kingdom;215024;13.3;6.2e-05;country_total_population_share;2024
329;Argyll and Bute;GBR;United Kingdom;150450;9.31;6.2e-05;country_total_population_share;2024
330;Highland;GBR;United Kingdom;175918;10.88;6.2e-05;country_total_population_share;2024
331;Moray;GBR;United Kingdom;285135;17.64;6.2e-05;country_total_population_share;2024
332;Aberdeenshire;GBR;United Kingdom;114796;7.1;6.2e-05;country_total_population_share;2024
333;Angus;GBR;United Kingdom;267150;16.53;6.2e-05;country_total_population_share;2024
334;Perth and Kinross;GBR;United Kingdom;125581;7.77;6.2e-05;country_total_population_share;2024
335;Fife;GBR;United Kingdom;578817;35.81;6.2e-05;country_total_population_share;2024
336;Outer Hebrides;GBR;United Kingdom;1688250;104.45;6.2e-05;country_total_population_share;2024
337;Shetland Islands;GBR;United Kingdom;204733;12.67;6.2e-05;country_total_population_share;2024
338;East Ayrshire;GBR;United Kingdom;511811;31.67;6.2e-05;country_total_population_share;2024
339;South Lanarkshire;GBR;United Kingdom;195429;12.09;6.2e-05;country_total_population_share;2024
340;Omagh;GBR;United Kingdom;581015;35.95;6.2e-05;country_total_population_share;2024
341;Hertfordshire;GBR;United Kingdom;684672;42.36;6.2e-05;country_total_population_share;2024
342;Cambridgeshire;GBR;United Kingdom;1330465;82.31;6.2e-05;country_total_population_share;2024
343;Buckinghamshire;GBR;United Kingdom;701626;43.41;6.2e-05;country_total_population_share;2024
344;Nottinghamshire;GBR;United Kingdom;667473;41.3;6.2e-05;country_total_population_share;2024
345;Northamptonshire;GBR;United Kingdom;868564;53.74;6.2e-05;country_total_population_share;2024
346;Leicestershire;GBR;United Kingdom;613193;37.94;6.2e-05;country_total_population_share;2024
347;Cheshire East;GBR;United Kingdom;818726;50.65;6.2e-05;country_total_population_share;2024
348;Derbyshire;GBR;United Kingdom;1686904;104.37;6.2e-05;country_total_population_share;2024
349;Staffordshire;GBR;United Kingdom;976139;60.39;6.2e-05;country_total_population_share;2024
350;Worcestershire;GBR;United Kingdom;1039577;64.32;6.2e-05;country_total_population_share;2024
351;Warwickshire;GBR;United Kingdom;1279334;79.15;6.2e-05;country_total_population_share;2024
352;Oxfordshire;GBR;United Kingdom;1022370;63.25;6.2e-05;country_total_population_share;2024
353;Surrey;GBR;United Kingdom;643387;39.81;6.2e-05;country_total_population_share;2024
354;Wiltshire;GBR;United Kingdom;1286048;79.57;6.2e-05;country_total_population_share;2024
355;Abkhazia;GEO;Georgia;389708;4.2;1.1e-05;country_total_population_share;2024
356;Samegrelo-Zemo Svaneti;GEO;Georgia;683475;7.36;1.1e-05;country_total_population_share;2024
357;Shida Kartli;GEO;Georgia;563127;6.07;1.1e-05;country_total_population_share;2024
358;Racha-Lechkhumi and Kvemo Svaneti;GEO;Georgia;71115;0.77;1.1e-05;country_total_population_share;2024
359;Samtskhe–Javakheti;GEO;Georgia;334863;3.61;1.1e-05;country_total_population_share;2024
360;Adjara;GEO;Georgia;383279;4.13;1.1e-05;country_total_population_share;2024
361;Guria;GEO;Georgia;237352;2.56;1.1e-05;country_total_population_share;2024
362;Imereti;GEO;Georgia;1067081;11.49;1.1e-05;country_total_population_share;2024
363;West Macedonia;GRC;Greece;445204;13.05;2.9e-05;country_total_population_share;2024
364;Epirus;GRC;Greece;311447;9.13;2.9e-05;country_total_population_share;2024
365;Centre Macedonia;GRC;Greece;1747722;51.23;2.9e-05;country_total_population_share;2024
366;East Macedonia and Thrace;GRC;Greece;547190;16.04;2.9e-05;country_total_population_share;2024
367;Thessalia;GRC;Greece;669878;19.64;2.9e-05;country_total_population_share;2024
368;Central Greece;GRC;Greece;494683;14.5;2.9e-05;country_total_population_share;2024
369;Attica;GRC;Greece;3712221;108.81;2.9e-05;country_total_population_share;2024
370;Peloponnese;GRC;Greece;525129;15.39;2.9e-05;country_total_population_share;2024
371;West Greece;GRC;Greece;630912;18.49;2.9e-05;country_total_population_share;2024
372;Crete;GRC;Greece;607736;17.81;2.9e-05;country_total_population_share;2024
373;South Aegean;GRC;Greece;319067;9.35;2.9e-05;country_total_population_share;2024
374;North Aegean;GRC;Greece;189739;5.56;2.9e-05;country_total_population_share;2024
375;Ionian Islands;GRC;Greece;199072;5.84;2.9e-05;country_total_population_share;2024
376;Virovitica-Podravina;HRV;Croatia;99951;2.94;2.9e-05;country_total_population_share;2024
377;Koprivnica-Križevci;HRV;Croatia;136178;4.0;2.9e-05;country_total_population_share;2024
378;Osijek-Baranja;HRV;Croatia;359378;10.56;2.9e-05;country_total_population_share;2024
379;Istria;HRV;Croatia;230021;6.76;2.9e-05;country_total_population_share;2024
380;Dubrovnik-Neretva;HRV;Croatia;136505;4.01;2.9e-05;country_total_population_share;2024
381;Sisak-Moslavina;HRV;Croatia;218417;6.42;2.9e-05;country_total_population_share;2024
382;Brod-Posavina;HRV;Croatia;186828;5.49;2.9e-05;country_total_population_share;2024
383;Karlovac;HRV;Croatia;151865;4.46;2.9e-05;country_total_population_share;2024
384;Zadar;HRV;Croatia;188231;5.53;2.9e-05;country_total_population_share;2024
385;Vukovar-Syrmia;HRV;Croatia;211506;6.21;2.9e-05;country_total_population_share;2024
386;Split-Dalmatia;HRV;Croatia;498842;14.66;2.9e-05;country_total_population_share;2024
387;Varaždin;HRV;Croatia;207299;6.09;2.9e-05;country_total_population_share;2024
388;Krapina-Zagorje;HRV;Croatia;142207;4.18;2.9e-05;country_total_population_share;2024
389;Zagreb;HRV;Croatia;374234;11.0;2.9e-05;country_total_population_share;2024
390;Primorje-Gorski;HRV;Croatia;312707;9.19;2.9e-05;country_total_population_share;2024
391;Šibenik-Knin;HRV;Croatia;128862;3.79;2.9e-05;country_total_population_share;2024
392;Lika-Senj;HRV;Croatia;50365;1.48;2.9e-05;country_total_population_share;2024
393;Bjelovar-Bilogora;HRV;Croatia;141102;4.15;2.9e-05;country_total_population_share;2024
394;Požega-Slavonia;HRV;Croatia;75502;2.22;2.9e-05;country_total_population_share;2024
395;Szabolcs-Szatmár-Bereg;HUN;Hungary;663974;18.71;2.8e-05;country_total_population_share;2024
396;Békés;HUN;Hungary;395367;11.14;2.8e-05;country_total_population_share;2024
397;Hajdú-Bihar;HUN;Hungary;651131;18.35;2.8e-05;country_total_population_share;2024
398;Csongrád-Csanád;HUN;Hungary;490641;13.82;2.8e-05;country_total_population_share;2024
399;Győr-Moson-Sopron;HUN;Hungary;584410;16.47;2.8e-05;country_total_population_share;2024
400;Vas;HUN;Hungary;312951;8.82;2.8e-05;country_total_population_share;2024
401;Bács-Kiskun;HUN;Hungary;621251;17.5;2.8e-05;country_total_population_share;2024
402;Zala;HUN;Hungary;327108;9.22;2.8e-05;country_total_population_share;2024
403;Somogy;HUN;Hungary;368084;10.37;2.8e-05;country_total_population_share;2024
404;Baranya;HUN;Hungary;444031;12.51;2.8e-05;country_total_population_share;2024
405;Borsod-Abaúj-Zemplén;HUN;Hungary;781425;22.02;2.8e-05;country_total_population_share;2024
406;Nógrád;HUN;Hungary;228849;6.45;2.8e-05;country_total_population_share;2024
407;Komárom-Esztergom;HUN;Hungary;377066;10.62;2.8e-05;country_total_population_share;2024
408;Pest;HUN;Hungary;1672577;47.13;2.8e-05;country_total_population_share;2024
409;Jász-Nagykun-Szolnok;HUN;Hungary;446273;12.57;2.8e-05;country_total_population_share;2024
410;Fejér;HUN;Hungary;526352;14.83;2.8e-05;country_total_population_share;2024
411;Veszprém;HUN;Hungary;69133;1.95;2.8e-05;country_total_population_share;2024
412;Tolna;HUN;Hungary;260797;7.35;2.8e-05;country_total_population_share;2024
413;Heves;HUN;Hungary;358580;10.1;2.8e-05;country_total_population_share;2024
414;Donegal;IRL;Ireland;458111;64.35;0.00014;country_total_population_share;2024
415;Leitrim;IRL;Ireland;330693;46.45;0.00014;country_total_population_share;2024
416;Cavan;IRL;Ireland;267641;37.6;0.00014;country_total_population_share;2024
417;Monaghan;IRL;Ireland;316405;44.45;0.00014;country_total_population_share;2024
418;Wicklow;IRL;Ireland;229573;32.25;0.00014;country_total_population_share;2024
419;Wexford;IRL;Ireland;211054;29.65;0.00014;country_total_population_share;2024
420;Kilkenny;IRL;Ireland;302028;42.43;0.00014;country_total_population_share;2024
421;Waterford;IRL;Ireland;58575;8.23;0.00014;country_total_population_share;2024
422;Cork;IRL;Ireland;269244;37.82;0.00014;country_total_population_share;2024
423;Kerry;IRL;Ireland;129946;18.25;0.00014;country_total_population_share;2024
424;Limerick;IRL;Ireland;75932;10.67;0.00014;country_total_population_share;2024
425;Clare;IRL;Ireland;204596;28.74;0.00014;country_total_population_share;2024
426;Galway;IRL;Ireland;132208;18.57;0.00014;country_total_population_share;2024
427;Mayo;IRL;Ireland;113111;15.89;0.00014;country_total_population_share;2024
428;Sligo;IRL;Ireland;457566;64.27;0.00014;country_total_population_share;2024
429;Meath;IRL;Ireland;302524;42.5;0.00014;country_total_population_share;2024
430;Kildare;IRL;Ireland;171316;24.06;0.00014;country_total_population_share;2024
431;Laois;IRL;Ireland;204008;28.66;0.00014;country_total_population_share;2024
432;Offaly;IRL;Ireland;383546;53.88;0.00014;country_total_population_share;2024
433;Westmeath;IRL;Ireland;350031;49.17;0.00014;country_total_population_share;2024
434;Longford;IRL;Ireland;115619;16.24;0.00014;country_total_population_share;2024
435;Roscommon;IRL;Ireland;147816;20.76;0.00014;country_total_population_share;2024
436;Tipperary;IRL;Ireland;108457;15.23;0.00014;country_total_population_share;2024
437;Austurland;ISL;Iceland;56879;6.5;0.000114;country_total_population_share;2024
438;Southern;ISL;Iceland;100572;11.49;0.000114;country_total_population_share;2024
439;Western;ISL;Iceland;62120;7.09;0.000114;country_total_population_share;2024
440;Westfjords;ISL;Iceland;26132;2.98;0.000114;country_total_population_share;2024
441;Northwestern;ISL;Iceland;25931;2.96;0.000114;country_total_population_share;2024
442;Northeastern;ISL;Iceland;108366;12.38;0.000114;country_total_population_share;2024
443;Aosta;ITA;Italy;132903;6.1;4.6e-05;country_total_population_share;2024
444;Verbano-Cusio-Ossola;ITA;Italy;3311349;151.88;4.6e-05;country_total_population_share;2024
445;Varese;ITA;Italy;4143576;190.05;4.6e-05;country_total_population_share;2024
446;Como;ITA;Italy;1482801;68.01;4.6e-05;country_total_population_share;2024
447;Sondrio;ITA;Italy;1482978;68.02;4.6e-05;country_total_population_share;2024
448;Trentino-South Tyrol;ITA;Italy;1134022;52.01;4.6e-05;country_total_population_share;2024
449;Imperia;ITA;Italy;3451557;158.31;4.6e-05;country_total_population_share;2024
450;Cuneo;ITA;Italy;652506;29.93;4.6e-05;country_total_population_share;2024
451;Turin;ITA;Italy;350756;16.09;4.6e-05;country_total_population_share;2024
452;Pesaro and Urbino;ITA;Italy;173565;7.96;4.6e-05;country_total_population_share;2024
453;Belluno;ITA;Italy;391714;17.97;4.6e-05;country_total_population_share;2024
454;Udine;ITA;Italy;500315;22.95;4.6e-05;country_total_population_share;2024
455;Venice;ITA;Italy;1142083;52.38;4.6e-05;country_total_population_share;2024
456;Padua;ITA;Italy;190411;8.73;4.6e-05;country_total_population_share;2024
457;Rovigo;ITA;Italy;1069249;49.04;4.6e-05;country_total_population_share;2024
458;Ferrara;ITA;Italy;1077130;49.4;4.6e-05;country_total_population_share;2024
459;Ravenna;ITA;Italy;534555;24.52;4.6e-05;country_total_population_share;2024
460;Forlì-Cesena;ITA;Italy;570838;26.18;4.6e-05;country_total_population_share;2024
461;Ancona;ITA;Italy;796630;36.54;4.6e-05;country_total_population_share;2024
462;Macerata;ITA;Italy;328811;15.08;4.6e-05;country_total_population_share;2024
463;Ascoli Piceno;ITA;Italy;319743;14.67;4.6e-05;country_total_population_share;2024
464;Teramo;ITA;Italy;278325;12.77;4.6e-05;country_total_population_share;2024
465;Pescara;ITA;Italy;414240;19.0;4.6e-05;country_total_population_share;2024
466;Chieti;ITA;Italy;287505;13.19;4.6e-05;country_total_population_share;2024
467;Campobasso;ITA;Italy;363870;16.69;4.6e-05;country_total_population_share;2024
468;Foggia;ITA;Italy;310884;14.26;4.6e-05;country_total_population_share;2024
469;Barletta-Andria-Trani;ITA;Italy;428735;19.66;4.6e-05;country_total_population_share;2024
470;Bari;ITA;Italy;321184;14.73;4.6e-05;country_total_population_share;2024
471;Brindisi;ITA;Italy;307686;14.11;4.6e-05;country_total_population_share;2024
472;Lecce;ITA;Italy;189074;8.67;4.6e-05;country_total_population_share;2024
473;Taranto;ITA;Italy;398764;18.29;4.6e-05;country_total_population_share;2024
474;Matera;ITA;Italy;459541;21.08;4.6e-05;country_total_population_share;2024
475;Cosenza;ITA;Italy;1070176;49.09;4.6e-05;country_total_population_share;2024
476;Crotone;ITA;Italy;247883;11.37;4.6e-05;country_total_population_share;2024
477;Catanzaro;ITA;Italy;600112;27.53;4.6e-05;country_total_population_share;2024
478;Reggio Calabria;ITA;Italy;286314;13.13;4.6e-05;country_total_population_share;2024
479;Vibo Valentia;ITA;Italy;429020;19.68;4.6e-05;country_total_population_share;2024
480;Potenza;ITA;Italy;371860;17.06;4.6e-05;country_total_population_share;2024
481;Salerno;ITA;Italy;530752;24.34;4.6e-05;country_total_population_share;2024
482;Naples;ITA;Italy;1037361;47.58;4.6e-05;country_total_population_share;2024
483;Caserta;ITA;Italy;268477;12.31;4.6e-05;country_total_population_share;2024
484;Latina;ITA;Italy;365214;16.75;4.6e-05;country_total_population_share;2024
485;Rome;ITA;Italy;486366;22.31;4.6e-05;country_total_population_share;2024
486;Viterbo;ITA;Italy;178677;8.2;4.6e-05;country_total_population_share;2024
487;Grosseto;ITA;Italy;1025505;47.04;4.6e-05;country_total_population_share;2024
488;Livorno;ITA;Italy;753220;34.55;4.6e-05;country_total_population_share;2024
489;Pisa;ITA;Italy;177416;8.14;4.6e-05;country_total_population_share;2024
490;Lucca;ITA;Italy;410788;18.84;4.6e-05;country_total_population_share;2024
491;Massa-Carrara;ITA;Italy;338113;15.51;4.6e-05;country_total_population_share;2024
492;Liguria;ITA;Italy;1639931;75.22;4.6e-05;country_total_population_share;2024
493;Savona;ITA;Italy;560611;25.71;4.6e-05;country_total_population_share;2024
494;Trapani;ITA;Italy;693390;31.8;4.6e-05;country_total_population_share;2024
495;Messina;ITA;Italy;188163;8.63;4.6e-05;country_total_population_share;2024
496;Palermo;ITA;Italy;375896;17.24;4.6e-05;country_total_population_share;2024
497;Agrigento;ITA;Italy;474863;21.78;4.6e-05;country_total_population_share;2024
498;Caltanissetta;ITA;Italy;309247;14.18;4.6e-05;country_total_population_share;2024
499;Ragusa;ITA;Italy;286562;13.14;4.6e-05;country_total_population_share;2024
500;Syracuse;ITA;Italy;243386;11.16;4.6e-05;country_total_population_share;2024
501;Catania;ITA;Italy;383844;17.61;4.6e-05;country_total_population_share;2024
502;Carbonia-Iglesias;ITA;Italy;509116;23.35;4.6e-05;country_total_population_share;2024
503;Sassari;ITA;Italy;787411;36.12;4.6e-05;country_total_population_share;2024
504;Nuoro;ITA;Italy;465348;21.34;4.6e-05;country_total_population_share;2024
505;Olbia-Tempio;ITA;Italy;327017;15.0;4.6e-05;country_total_population_share;2024
506;Oristano;ITA;Italy;249358;11.44;4.6e-05;country_total_population_share;2024
507;Medio Campidano;ITA;Italy;334390;15.34;4.6e-05;country_total_population_share;2024
508;Cagliari;ITA;Italy;550108;25.23;4.6e-05;country_total_population_share;2024
509;Ogliastra;ITA;Italy;230822;10.59;4.6e-05;country_total_population_share;2024
510;Enna;ITA;Italy;667392;30.61;4.6e-05;country_total_population_share;2024
511;Benevento;ITA;Italy;608332;27.9;4.6e-05;country_total_population_share;2024
512;Asti;ITA;Italy;523318;24.0;4.6e-05;country_total_population_share;2024
513;Bergamo;ITA;Italy;471216;21.61;4.6e-05;country_total_population_share;2024
514;Brescia;ITA;Italy;237424;10.89;4.6e-05;country_total_population_share;2024
515;Cremona;ITA;Italy;697916;32.01;4.6e-05;country_total_population_share;2024
516;Mantua;ITA;Italy;289049;13.26;4.6e-05;country_total_population_share;2024
517;Milan;ITA;Italy;395033;18.12;4.6e-05;country_total_population_share;2024
518;Siena;ITA;Italy;322145;14.78;4.6e-05;country_total_population_share;2024
519;Arezzo;ITA;Italy;235866;10.82;4.6e-05;country_total_population_share;2024
520;Florence;ITA;Italy;422559;19.38;4.6e-05;country_total_population_share;2024
521;Vercelli;ITA;Italy;752556;34.52;4.6e-05;country_total_population_share;2024
522;Pavia;ITA;Italy;274721;12.6;4.6e-05;country_total_population_share;2024
523;Rieti;ITA;Italy;357340;16.39;4.6e-05;country_total_population_share;2024
524;Novara;ITA;Italy;239114;10.97;4.6e-05;country_total_population_share;2024
525;Alessandria;ITA;Italy;587184;26.93;4.6e-05;country_total_population_share;2024
526;Trentino;ITA;Italy;499448;22.91;4.6e-05;country_total_population_share;2024
527;Vicenza;ITA;Italy;547225;25.1;4.6e-05;country_total_population_share;2024
528;Verona;ITA;Italy;321632;14.75;4.6e-05;country_total_population_share;2024
529;Treviso;ITA;Italy;469295;21.52;4.6e-05;country_total_population_share;2024
530;Piacenza;ITA;Italy;413342;18.96;4.6e-05;country_total_population_share;2024
531;Parma;ITA;Italy;204796;9.39;4.6e-05;country_total_population_share;2024
532;Reggio Emilia;ITA;Italy;539809;24.76;4.6e-05;country_total_population_share;2024
533;Modena;ITA;Italy;946287;43.4;4.6e-05;country_total_population_share;2024
534;Bologna;ITA;Italy;424112;19.45;4.6e-05;country_total_population_share;2024
535;Terni;ITA;Italy;476810;21.87;4.6e-05;country_total_population_share;2024
536;Perugia;ITA;Italy;388050;17.8;4.6e-05;country_total_population_share;2024
537;Frosinone;ITA;Italy;525630;24.11;4.6e-05;country_total_population_share;2024
538;Avellino;ITA;Italy;538458;24.7;4.6e-05;country_total_population_share;2024
539;L'Aquila;ITA;Italy;357292;16.39;4.6e-05;country_total_population_share;2024
540;Pordenone;ITA;Italy;414400;19.01;4.6e-05;country_total_population_share;2024
541;Isernia;ITA;Italy;568232;26.06;4.6e-05;country_total_population_share;2024
542;Plužine;KOS;Kosovo;258214;1.53;6e-06;country_total_population_share;2024
543;Kačanik;KOS;Kosovo;777252;4.61;6e-06;country_total_population_share;2024
544;Podujevo/Podujeva;KOS;Kosovo;388784;2.31;6e-06;country_total_population_share;2024
545;Kosovo-Pomoravlje;KOS;Kosovo;335750;1.99;6e-06;country_total_population_share;2024
546;Utena;LTU;Lithuania;202061;7.34;3.6e-05;country_total_population_share;2024
547;Vilnius;LTU;Lithuania;548492;19.93;3.6e-05;country_total_population_share;2024
548;Alytus;LTU;Lithuania;136426;4.96;3.6e-05;country_total_population_share;2024
549;Panevėžys;LTU;Lithuania;189525;6.89;3.6e-05;country_total_population_share;2024
550;Telšiai;LTU;Lithuania;210594;7.65;3.6e-05;country_total_population_share;2024
551;Klaipėda;LTU;Lithuania;343602;12.49;3.6e-05;country_total_population_share;2024
552;Šiauliai;LTU;Lithuania;218649;7.95;3.6e-05;country_total_population_share;2024
553;Marijampolė;LTU;Lithuania;294361;10.7;3.6e-05;country_total_population_share;2024
554;Tauragė;LTU;Lithuania;202206;7.35;3.6e-05;country_total_population_share;2024
555;Kaunas;LTU;Lithuania;534084;19.41;3.6e-05;country_total_population_share;2024
556;Diekirch;LUX;Luxembourg;670000;107.76;0.000161;country_total_population_share;2024
557;Valka;LVA;Latvia;13439;0.38;2.8e-05;country_total_population_share;2024
558;Alūksne;LVA;Latvia;23122;0.65;2.8e-05;country_total_population_share;2024
559;Kārsava;LVA;Latvia;9013;0.25;2.8e-05;country_total_population_share;2024
560;Vecumnieki;LVA;Latvia;13703;0.38;2.8e-05;country_total_population_share;2024
561;Saldus;LVA;Latvia;46812;1.31;2.8e-05;country_total_population_share;2024
562;Vaiņode;LVA;Latvia;3896;0.11;2.8e-05;country_total_population_share;2024
563;Jelgava;LVA;Latvia;56265;1.57;2.8e-05;country_total_population_share;2024
564;Daugavpils;LVA;Latvia;137327;3.84;2.8e-05;country_total_population_share;2024
565;Krāslava;LVA;Latvia;34286;0.96;2.8e-05;country_total_population_share;2024
566;Ventspils;LVA;Latvia;18097;0.51;2.8e-05;country_total_population_share;2024
567;Talsi;LVA;Latvia;61173;1.71;2.8e-05;country_total_population_share;2024
568;Riga;LVA;Latvia;1045958;29.23;2.8e-05;country_total_population_share;2024
569;Limbaži;LVA;Latvia;48538;1.36;2.8e-05;country_total_population_share;2024
570;Rēzekne;LVA;Latvia;48707;1.36;2.8e-05;country_total_population_share;2024
571;Gulbene;LVA;Latvia;32514;0.91;2.8e-05;country_total_population_share;2024
572;Madona;LVA;Latvia;52554;1.47;2.8e-05;country_total_population_share;2024
573;Ogre;LVA;Latvia;101367;2.83;2.8e-05;country_total_population_share;2024
574;Kuldīga;LVA;Latvia;46873;1.31;2.8e-05;country_total_population_share;2024
575;Tukums;LVA;Latvia;76356;2.13;2.8e-05;country_total_population_share;2024
576;Edineț;MDA;Moldova;185610;1.41;8e-06;country_total_population_share;2024
577;Rîșcani;MDA;Moldova;160666;1.22;8e-06;country_total_population_share;2024
578;Fălești;MDA;Moldova;206258;1.56;8e-06;country_total_population_share;2024
579;Ungheni;MDA;Moldova;279005;2.11;8e-06;country_total_population_share;2024
580;Hîncești;MDA;Moldova;255663;1.94;8e-06;country_total_population_share;2024
581;Cantemir;MDA;Moldova;122127;0.93;8e-06;country_total_population_share;2024
582;Cahul;MDA;Moldova;267857;2.03;8e-06;country_total_population_share;2024
583;Ștefan Vodă;MDA;Moldova;155635;1.18;8e-06;country_total_population_share;2024
584;Căușeni;MDA;Moldova;210756;1.6;8e-06;country_total_population_share;2024
585;Cimișlia;MDA;Moldova;114048;0.86;8e-06;country_total_population_share;2024
586;Taraclia;MDA;Moldova;97298;0.74;8e-06;country_total_population_share;2024
587;Comrat;MDA;Moldova;73418;0.56;8e-06;country_total_population_share;2024
588;Orhei;MDA;Moldova;291659;2.21;8e-06;country_total_population_share;2024
589;Mavrovo and Rostuša;MKD;Macedonia;124401;1.05;8e-06;country_total_population_share;2024
590;Debarca;MKD;Macedonia;110277;0.93;8e-06;country_total_population_share;2024
591;Bogdanci;MKD;Macedonia;85580;0.72;8e-06;country_total_population_share;2024
592;Kavadarci;MKD;Macedonia;94960;0.8;8e-06;country_total_population_share;2024
593;Prilep;MKD;Macedonia;93135;0.79;8e-06;country_total_population_share;2024
594;Bitola;MKD;Macedonia;95936;0.81;8e-06;country_total_population_share;2024
595;Tearce;MKD;Macedonia;131738;1.11;8e-06;country_total_population_share;2024
596;Staro Nagoričane;MKD;Macedonia;82726;0.7;8e-06;country_total_population_share;2024
597;Berovo;MKD;Macedonia;1011247;8.55;8e-06;country_total_population_share;2024
598;Berane;MNE;Montenegro;60222;0.78;1.3e-05;country_total_population_share;2024
599;Pljevlja;MNE;Montenegro;62140;0.81;1.3e-05;country_total_population_share;2024
600;Nikšić;MNE;Montenegro;160060;2.08;1.3e-05;country_total_population_share;2024
601;Podgorica;MNE;Montenegro;333578;4.34;1.3e-05;country_total_population_share;2024
602;Groningen;NLD;Netherlands;624820;49.33;7.9e-05;country_total_population_share;2024
603;Drenthe;NLD;Netherlands;527316;41.63;7.9e-05;country_total_population_share;2024
604;Overijssel;NLD;Netherlands;1224876;96.7;7.9e-05;country_total_population_share;2024
605;Gelderland;NLD;Netherlands;2165579;170.96;7.9e-05;country_total_population_share;2024
606;Limburg;NLD;Netherlands;1200907;94.8;7.9e-05;country_total_population_share;2024
607;Zeeland;NLD;Netherlands;414641;32.73;7.9e-05;country_total_population_share;2024
608;North Brabant;NLD;Netherlands;2419865;191.03;7.9e-05;country_total_population_share;2024
609;South Holland;NLD;Netherlands;3835408;302.78;7.9e-05;country_total_population_share;2024
610;North Holland;NLD;Netherlands;3016689;238.15;7.9e-05;country_total_population_share;2024
611;Friesland;NLD;Netherlands;696892;55.01;7.9e-05;country_total_population_share;2024
612;Flevoland;NLD;Netherlands;428779;33.85;7.9e-05;country_total_population_share;2024
613;Utrecht;NLD;Netherlands;1344228;106.12;7.9e-05;country_total_population_share;2024
614;Troms;NOR;Norway;195635;19.31;9.9e-05;country_total_population_share;2024
615;Nordland;NOR;Norway;284764;28.1;9.9e-05;country_total_population_share;2024
616;Nord-Trøndelag;NOR;Norway;159589;15.75;9.9e-05;country_total_population_share;2024
617;Sør-Trøndelag;NOR;Norway;372485;36.76;9.9e-05;country_total_population_share;2024
618;Hedmark;NOR;Norway;230968;22.79;9.9e-05;country_total_population_share;2024
619;Akershus;NOR;Norway;837752;82.67;9.9e-05;country_total_population_share;2024
620;Østfold;NOR;Norway;348103;34.35;9.9e-05;country_total_population_share;2024
621;Finnmark;NOR;Norway;88639;8.75;9.9e-05;country_total_population_share;2024
622;Buskerud;NOR;Norway;316539;31.24;9.9e-05;country_total_population_share;2024
623;Vestfold;NOR;Norway;293765;28.99;9.9e-05;country_total_population_share;2024
624;Telemark;NOR;Norway;202785;20.01;9.9e-05;country_total_population_share;2024
625;Aust-Agder;NOR;Norway;137659;13.58;9.9e-05;country_total_population_share;2024
626;Vest-Agder;NOR;Norway;219482;21.66;9.9e-05;country_total_population_share;2024
627;Rogaland;NOR;Norway;584324;57.66;9.9e-05;country_total_population_share;2024
628;Hordaland;NOR;Norway;613666;60.56;9.9e-05;country_total_population_share;2024
629;Sogn og Fjordane;NOR;Norway;128438;12.67;9.9e-05;country_total_population_share;2024
630;Møre og Romsdal;NOR;Norway;310513;30.64;9.9e-05;country_total_population_share;2024
631;Svalbard;NOR;Norway;3123;0.31;9.9e-05;country_total_population_share;2024
632;Oppland;NOR;Norway;221771;21.89;9.9e-05;country_total_population_share;2024
633;Silesian Voivodeship;POL;Poland;4380148;132.84;3e-05;country_total_population_share;2024
634;Lesser Poland Voivodeship;POL;Poland;3188184;96.69;3e-05;country_total_population_share;2024
635;Podkarpackie Voivodeship;POL;Poland;2012411;61.03;3e-05;country_total_population_share;2024
636;Lower Silesian Voivodeship;POL;Poland;2765694;83.87;3e-05;country_total_population_share;2024
637;Opole Voivodeship;POL;Poland;958380;29.06;3e-05;country_total_population_share;2024
638;Podlaskie Voivodeship;POL;Poland;1132130;34.33;3e-05;country_total_population_share;2024
639;Warmian-Masurian Voivodeship;POL;Poland;1364053;41.37;3e-05;country_total_population_share;2024
640;Lubusz Voivodeship;POL;Poland;968402;29.37;3e-05;country_total_population_share;2024
641;West Pomeranian Voivodeship;POL;Poland;1539513;46.69;3e-05;country_total_population_share;2024
642;Lublin Voivodeship;POL;Poland;2041447;61.91;3e-05;country_total_population_share;2024
643;Pomeranian Voivodeship;POL;Poland;2182011;66.17;3e-05;country_total_population_share;2024
644;Masovian Voivodeship;POL;Poland;5210261;158.01;3e-05;country_total_population_share;2024
645;Łódź Voivodeship;POL;Poland;2379780;72.17;3e-05;country_total_population_share;2024
646;Kuyavian-Pomeranian Voivodeship;POL;Poland;1983577;60.16;3e-05;country_total_population_share;2024
647;Greater Poland Voivodeship;POL;Poland;3316153;100.57;3e-05;country_total_population_share;2024
648;Świętokrzyskie Voivodeship;POL;Poland;1177856;35.72;3e-05;country_total_population_share;2024
649;Évora;PRT;Portugal;89683;3.08;3.4e-05;country_total_population_share;2024
650;Portalegre;PRT;Portugal;38229;1.31;3.4e-05;country_total_population_share;2024
651;Viana do Castelo;PRT;Portugal;144706;4.98;3.4e-05;country_total_population_share;2024
652;Castelo Branco;PRT;Portugal;89235;3.07;3.4e-05;country_total_population_share;2024
653;Guarda;PRT;Portugal;66857;2.3;3.4e-05;country_total_population_share;2024
654;Bragança;PRT;Portugal;57424;1.97;3.4e-05;country_total_population_share;2024
655;Vila Real;PRT;Portugal;85262;2.93;3.4e-05;country_total_population_share;2024
656;Braga;PRT;Portugal;311034;10.7;3.4e-05;country_total_population_share;2024
657;Faro;PRT;Portugal;104250;3.59;3.4e-05;country_total_population_share;2024
658;Beja;PRT;Portugal;262871;9.04;3.4e-05;country_total_population_share;2024
659;Setúbal;PRT;Portugal;1348055;46.36;3.4e-05;country_total_population_share;2024
660;Lisbon;PRT;Portugal;3651976;125.59;3.4e-05;country_total_population_share;2024
661;Santarém;PRT;Portugal;98136;3.37;3.4e-05;country_total_population_share;2024
662;Leiria;PRT;Portugal;213473;7.34;3.4e-05;country_total_population_share;2024
663;Coimbra;PRT;Portugal;228633;7.86;3.4e-05;country_total_population_share;2024
664;Aveiro;PRT;Portugal;133217;4.58;3.4e-05;country_total_population_share;2024
665;Porto;PRT;Portugal;3106879;106.84;3.4e-05;country_total_population_share;2024
666;Azores;PRT;Portugal;404250;13.9;3.4e-05;country_total_population_share;2024
667;Viseu;PRT;Portugal;165830;5.7;3.4e-05;country_total_population_share;2024
668;Satu Mare;ROU;Romania;362390;8.48;2.3e-05;country_total_population_share;2024
669;Arad;ROU;Romania;449489;10.52;2.3e-05;country_total_population_share;2024
670;Bihor;ROU;Romania;604183;14.14;2.3e-05;country_total_population_share;2024
671;Timiș;ROU;Romania;712939;16.69;2.3e-05;country_total_population_share;2024
672;Mehedinți;ROU;Romania;256820;6.01;2.3e-05;country_total_population_share;2024
673;Dolj;ROU;Romania;656947;15.38;2.3e-05;country_total_population_share;2024
674;Călărași;ROU;Romania;310651;7.27;2.3e-05;country_total_population_share;2024
675;Teleorman;ROU;Romania;354582;8.3;2.3e-05;country_total_population_share;2024
676;Giurgiu;ROU;Romania;287207;6.72;2.3e-05;country_total_population_share;2024
677;Constanța;ROU;Romania;718927;16.83;2.3e-05;country_total_population_share;2024
678;Olt;ROU;Romania;420049;9.83;2.3e-05;country_total_population_share;2024
679;Caraș-Severin;ROU;Romania;270244;6.33;2.3e-05;country_total_population_share;2024
680;Botoșani;ROU;Romania;430505;10.08;2.3e-05;country_total_population_share;2024
681;Iași;ROU;Romania;833755;19.52;2.3e-05;country_total_population_share;2024
682;Vaslui;ROU;Romania;410646;9.61;2.3e-05;country_total_population_share;2024
683;Galați;ROU;Romania;544559;12.75;2.3e-05;country_total_population_share;2024
684;Suceava;ROU;Romania;704191;16.49;2.3e-05;country_total_population_share;2024
685;Maramureș;ROU;Romania;495881;11.61;2.3e-05;country_total_population_share;2024
686;Tulcea;ROU;Romania;211904;4.96;2.3e-05;country_total_population_share;2024
687;Cluj;ROU;Romania;744291;17.42;2.3e-05;country_total_population_share;2024
688;Bistrița-Năsăud;ROU;Romania;324383;7.59;2.3e-05;country_total_population_share;2024
689;Sălaj;ROU;Romania;232583;5.45;2.3e-05;country_total_population_share;2024
690;Dâmbovița;ROU;Romania;525394;12.3;2.3e-05;country_total_population_share;2024
691;Ilfov;ROU;Romania;594766;13.92;2.3e-05;country_total_population_share;2024
692;Argeș;ROU;Romania;624606;14.62;2.3e-05;country_total_population_share;2024
693;Gorj;ROU;Romania;344873;8.07;2.3e-05;country_total_population_share;2024
694;Hunedoara;ROU;Romania;396351;9.28;2.3e-05;country_total_population_share;2024
695;Vâlcea;ROU;Romania;374656;8.77;2.3e-05;country_total_population_share;2024
696;Prahova;ROU;Romania;761802;17.83;2.3e-05;country_total_population_share;2024
697;Covasna;ROU;Romania;219233;5.13;2.3e-05;country_total_population_share;2024
698;Vrancea;ROU;Romania;367479;8.6;2.3e-05;country_total_population_share;2024
699;Buzău;ROU;Romania;443829;10.39;2.3e-05;country_total_population_share;2024
700;Brașov;ROU;Romania;599052;14.02;2.3e-05;country_total_population_share;2024
701;Sibiu;ROU;Romania;425579;9.96;2.3e-05;country_total_population_share;2024
702;Mureș;ROU;Romania;567904;13.3;2.3e-05;country_total_population_share;2024
703;Harghita;ROU;Romania;319958;7.49;2.3e-05;country_total_population_share;2024
704;Neamț;ROU;Romania;497775;11.65;2.3e-05;country_total_population_share;2024
705;Bacău;ROU;Romania;659078;15.43;2.3e-05;country_total_population_share;2024
706;Alba;ROU;Romania;357209;8.36;2.3e-05;country_total_population_share;2024
707;Brăila;ROU;Romania;308452;7.22;2.3e-05;country_total_population_share;2024
708;Ialomița;ROU;Romania;274878;6.44;2.3e-05;country_total_population_share;2024
709;Pskov;RUS;Russia;917277;15.98;1.7e-05;country_total_population_share;2024
710;Karachay-Cherkess Republic;RUS;Russia;747774;13.03;1.7e-05;country_total_population_share;2024
711;Kabardino-Balkaria;RUS;Russia;1445762;25.19;1.7e-05;country_total_population_share;2024
712;Republic of North Ossetia-Alania;RUS;Russia;1083972;18.89;1.7e-05;country_total_population_share;2024
713;Murmansk;RUS;Russia;1048140;18.27;1.7e-05;country_total_population_share;2024
714;Karelia;RUS;Russia;828612;14.44;1.7e-05;country_total_population_share;2024
715;Kaliningrad;RUS;Russia;1588084;27.67;1.7e-05;country_total_population_share;2024
716;Smolensk;RUS;Russia;1379535;24.04;1.7e-05;country_total_population_share;2024
717;Bryansk;RUS;Russia;1808743;31.52;1.7e-05;country_total_population_share;2024
718;Kursk;RUS;Russia;1676197;29.21;1.7e-05;country_total_population_share;2024
719;Belgorod;RUS;Russia;2366361;41.24;1.7e-05;country_total_population_share;2024
720;Voronezh;RUS;Russia;3608631;62.89;1.7e-05;country_total_population_share;2024
721;Rostov;RUS;Russia;6606113;115.12;1.7e-05;country_total_population_share;2024
722;Orenburg;RUS;Russia;2919827;50.88;1.7e-05;country_total_population_share;2024
723;Saratov;RUS;Russia;3783247;65.93;1.7e-05;country_total_population_share;2024
724;Astrakhan;RUS;Russia;1511171;26.33;1.7e-05;country_total_population_share;2024
725;Volgograd;RUS;Russia;3886460;67.73;1.7e-05;country_total_population_share;2024
726;Autonomous Republic of Crimea;RUS;Russia;3027985;52.77;1.7e-05;country_total_population_share;2024
727;Nenets Autonomous Okrug;RUS;Russia;67420;1.17;1.7e-05;country_total_population_share;2024
728;Saint Petersburg;RUS;Russia;9026062;157.29;1.7e-05;country_total_population_share;2024
729;Arkhangelsk;RUS;Russia;1579837;27.53;1.7e-05;country_total_population_share;2024
730;Republic of Kalmykia;RUS;Russia;427261;7.45;1.7e-05;country_total_population_share;2024
731;Bashkortostan;RUS;Russia;6454493;112.48;1.7e-05;country_total_population_share;2024
732;Sverdlovsk;RUS;Russia;6740423;117.46;1.7e-05;country_total_population_share;2024
733;Lipetsk;RUS;Russia;1797767;31.33;1.7e-05;country_total_population_share;2024
734;Tambov;RUS;Russia;1526919;26.61;1.7e-05;country_total_population_share;2024
735;Republic of Tatarstan;RUS;Russia;6391645;111.38;1.7e-05;country_total_population_share;2024
736;Ulyanovsk;RUS;Russia;1872590;32.63;1.7e-05;country_total_population_share;2024
737;Penza;RUS;Russia;1936987;33.75;1.7e-05;country_total_population_share;2024
738;Oryol;RUS;Russia;1105698;19.27;1.7e-05;country_total_population_share;2024
739;Republic of Mordovia;RUS;Russia;1243780;21.67;1.7e-05;country_total_population_share;2024
740;Kaluga;RUS;Russia;1598273;27.85;1.7e-05;country_total_population_share;2024
741;Kostroma;RUS;Russia;904162;15.76;1.7e-05;country_total_population_share;2024
742;Yaroslavl;RUS;Russia;1896183;33.04;1.7e-05;country_total_population_share;2024
743;Vladimir;RUS;Russia;2091595;36.45;1.7e-05;country_total_population_share;2024
744;Ryazan;RUS;Russia;1665735;29.03;1.7e-05;country_total_population_share;2024
745;Ivanovo;RUS;Russia;1446458;25.21;1.7e-05;country_total_population_share;2024
746;Nizhny Novgorod;RUS;Russia;4853066;84.57;1.7e-05;country_total_population_share;2024
747;Tula;RUS;Russia;2348981;40.93;1.7e-05;country_total_population_share;2024
748;Chuvash Republic;RUS;Russia;1319006;22.99;1.7e-05;country_total_population_share;2024
749;Vologda;RUS;Russia;1852892;32.29;1.7e-05;country_total_population_share;2024
750;Novgorod;RUS;Russia;905270;15.78;1.7e-05;country_total_population_share;2024
751;Tver;RUS;Russia;1900999;33.13;1.7e-05;country_total_population_share;2024
752;Moscow;RUS;Russia;21195146;369.36;1.7e-05;country_total_population_share;2024
753;Mari El Republic;RUS;Russia;1069562;18.64;1.7e-05;country_total_population_share;2024
754;Kirov;RUS;Russia;1804176;31.44;1.7e-05;country_total_population_share;2024
755;Udmurt Republic;RUS;Russia;1261922;21.99;1.7e-05;country_total_population_share;2024
756;Komi Republic;RUS;Russia;1141303;19.89;1.7e-05;country_total_population_share;2024
757;Perm Krai;RUS;Russia;3965635;69.11;1.7e-05;country_total_population_share;2024
758;Samara;RUS;Russia;4969857;86.61;1.7e-05;country_total_population_share;2024
759;Stavropol Krai;RUS;Russia;4605484;80.26;1.7e-05;country_total_population_share;2024
760;Republic of Adygea;RUS;Russia;799522;13.93;1.7e-05;country_total_population_share;2024
761;North Bačka;SRB;Republic of Serbia;605957;10.29;1.7e-05;country_total_population_share;2024
762;West Bačka;SRB;Republic of Serbia;315700;5.36;1.7e-05;country_total_population_share;2024
763;North Banat;SRB;Republic of Serbia;20424;0.35;1.7e-05;country_total_population_share;2024
764;Pčinja;SRB;Republic of Serbia;167566;2.85;1.7e-05;country_total_population_share;2024
765;Bor;SRB;Republic of Serbia;860632;14.62;1.7e-05;country_total_population_share;2024
766;Zaječar;SRB;Republic of Serbia;300374;5.1;1.7e-05;country_total_population_share;2024
767;Pirot;SRB;Republic of Serbia;2236406;37.99;1.7e-05;country_total_population_share;2024
768;Jablanica;SRB;Republic of Serbia;862652;14.65;1.7e-05;country_total_population_share;2024
769;Raška;SRB;Republic of Serbia;381302;6.48;1.7e-05;country_total_population_share;2024
770;Rasina;SRB;Republic of Serbia;477391;8.11;1.7e-05;country_total_population_share;2024
771;Toplica;SRB;Republic of Serbia;57281;0.97;1.7e-05;country_total_population_share;2024
772;Zlatibor;SRB;Republic of Serbia;11887;0.2;1.7e-05;country_total_population_share;2024
773;Srem;SRB;Republic of Serbia;16861;0.29;1.7e-05;country_total_population_share;2024
774;Mačva;SRB;Republic of Serbia;16125;0.27;1.7e-05;country_total_population_share;2024
775;South Bačka;SRB;Republic of Serbia;24720;0.42;1.7e-05;country_total_population_share;2024
776;Central Banat;SRB;Republic of Serbia;26897;0.46;1.7e-05;country_total_population_share;2024
777;South Banat;SRB;Republic of Serbia;25211;0.43;1.7e-05;country_total_population_share;2024
778;Braničevo;SRB;Republic of Serbia;19106;0.32;1.7e-05;country_total_population_share;2024
779;Belgrade;SRB;Republic of Serbia;19794;0.34;1.7e-05;country_total_population_share;2024
780;Podunavlje;SRB;Republic of Serbia;26898;0.46;1.7e-05;country_total_population_share;2024
781;Nišava;SRB;Republic of Serbia;18915;0.32;1.7e-05;country_total_population_share;2024
782;Pomoravski;SRB;Republic of Serbia;16455;0.28;1.7e-05;country_total_population_share;2024
783;Šumadija;SRB;Republic of Serbia;43880;0.75;1.7e-05;country_total_population_share;2024
784;Moravica;SRB;Republic of Serbia;24521;0.42;1.7e-05;country_total_population_share;2024
785;Kolubara;SRB;Republic of Serbia;23045;0.39;1.7e-05;country_total_population_share;2024
786;Žilina;SVK;Slovakia;687398;21.23;3.1e-05;country_total_population_share;2024
787;Prešov;SVK;Slovakia;811584;25.07;3.1e-05;country_total_population_share;2024
788;Košice;SVK;Slovakia;780315;24.1;3.1e-05;country_total_population_share;2024
789;Bratislava;SVK;Slovakia;737818;22.79;3.1e-05;country_total_population_share;2024
790;Trnava;SVK;Slovakia;567002;17.51;3.1e-05;country_total_population_share;2024
791;Trenčín;SVK;Slovakia;566673;17.5;3.1e-05;country_total_population_share;2024
792;Banská Bystrica;SVK;Slovakia;612314;18.91;3.1e-05;country_total_population_share;2024
793;Nitra;SVK;Slovakia;666896;20.6;3.1e-05;country_total_population_share;2024
794;Tolmin;SVN;Slovenia;1746209;70.62;4e-05;country_total_population_share;2024
795;Podvelka;SVN;Slovenia;373791;15.12;4e-05;country_total_population_share;2024
796;Norrbotten;SWE;Sweden;247482;16.69;6.7e-05;country_total_population_share;2024
797;Västerbotten;SWE;Sweden;278005;18.75;6.7e-05;country_total_population_share;2024
798;Jämtland;SWE;Sweden;131893;8.89;6.7e-05;country_total_population_share;2024
799;Dalarna;SWE;Sweden;284540;19.19;6.7e-05;country_total_population_share;2024
800;Värmland;SWE;Sweden;281748;19.0;6.7e-05;country_total_population_share;2024
801;Västra Götaland;SWE;Sweden;1768063;119.24;6.7e-05;country_total_population_share;2024
802;Västernorrland;SWE;Sweden;239792;16.17;6.7e-05;country_total_population_share;2024
803;Gävleborg;SWE;Sweden;282272;19.04;6.7e-05;country_total_population_share;2024
804;Uppsala;SWE;Sweden;408300;27.54;6.7e-05;country_total_population_share;2024
805;Stockholm;SWE;Sweden;2471342;166.67;6.7e-05;country_total_population_share;2024
806;Södermanland;SWE;Sweden;299303;20.19;6.7e-05;country_total_population_share;2024
807;Östergötland;SWE;Sweden;470105;31.7;6.7e-05;country_total_population_share;2024
808;Kalmar;SWE;Sweden;244376;16.48;6.7e-05;country_total_population_share;2024
809;Blekinge;SWE;Sweden;156001;10.52;6.7e-05;country_total_population_share;2024
810;Skåne;SWE;Sweden;1425537;96.14;6.7e-05;country_total_population_share;2024
811;Halland;SWE;Sweden;344126;23.21;6.7e-05;country_total_population_share;2024
812;Gotland;SWE;Sweden;60691;4.09;6.7e-05;country_total_population_share;2024
813;Västmanland;SWE;Sweden;279424;18.84;6.7e-05;country_total_population_share;2024
814;Jönköping;SWE;Sweden;367925;24.81;6.7e-05;country_total_population_share;2024
815;Örebro;SWE;Sweden;306790;20.69;6.7e-05;country_total_population_share;2024
816;Kronoberg;SWE;Sweden;202285;13.64;6.7e-05;country_total_population_share;2024
817;Ardahan;TUR;Turkey;842354;15.56;1.8e-05;country_total_population_share;2024
818;Artvin;TUR;Turkey;1438963;26.59;1.8e-05;country_total_population_share;2024
819;Kırklareli;TUR;Turkey;1328932;24.56;1.8e-05;country_total_population_share;2024
820;Edirne;TUR;Turkey;363946;6.72;1.8e-05;country_total_population_share;2024
821;Kars;TUR;Turkey;1383524;25.56;1.8e-05;country_total_population_share;2024
822;Mardin;TUR;Turkey;711668;13.15;1.8e-05;country_total_population_share;2024
823;Şanlıurfa;TUR;Turkey;373654;6.9;1.8e-05;country_total_population_share;2024
824;Kilis;TUR;Turkey;847411;15.66;1.8e-05;country_total_population_share;2024
825;Hatay;TUR;Turkey;1349074;24.93;1.8e-05;country_total_population_share;2024
826;Istanbul;TUR;Turkey;1186632;21.93;1.8e-05;country_total_population_share;2024
827;Tekirdağ;TUR;Turkey;1130230;20.88;1.8e-05;country_total_population_share;2024
828;Çanakkale;TUR;Turkey;618698;11.43;1.8e-05;country_total_population_share;2024
829;Rize;TUR;Turkey;943863;17.44;1.8e-05;country_total_population_share;2024
830;Trabzon;TUR;Turkey;830062;15.34;1.8e-05;country_total_population_share;2024
831;Giresun;TUR;Turkey;647076;11.96;1.8e-05;country_total_population_share;2024
832;Ordu;TUR;Turkey;1266472;23.4;1.8e-05;country_total_population_share;2024
833;Samsun;TUR;Turkey;1216393;22.48;1.8e-05;country_total_population_share;2024
834;Sinop;TUR;Turkey;2401935;44.38;1.8e-05;country_total_population_share;2024
835;Kastamonu;TUR;Turkey;162935;3.01;1.8e-05;country_total_population_share;2024
836;Bartın;TUR;Turkey;882153;16.3;1.8e-05;country_total_population_share;2024
837;Zonguldak;TUR;Turkey;672383;12.42;1.8e-05;country_total_population_share;2024
838;Düzce;TUR;Turkey;579327;10.7;1.8e-05;country_total_population_share;2024
839;Sakarya;TUR;Turkey;842717;15.57;1.8e-05;country_total_population_share;2024
840;Kocaeli;TUR;Turkey;1155275;21.35;1.8e-05;country_total_population_share;2024
841;Bursa;TUR;Turkey;455226;8.41;1.8e-05;country_total_population_share;2024
842;Balıkesir;TUR;Turkey;603234;11.15;1.8e-05;country_total_population_share;2024
843;İzmir;TUR;Turkey;814989;15.06;1.8e-05;country_total_population_share;2024
844;Aydın;TUR;Turkey;706953;13.06;1.8e-05;country_total_population_share;2024
845;Muğla;TUR;Turkey;1140892;21.08;1.8e-05;country_total_population_share;2024
846;Antalya;TUR;Turkey;750044;13.86;1.8e-05;country_total_population_share;2024
847;Mersin;TUR;Turkey;1582149;29.23;1.8e-05;country_total_population_share;2024
848;Adana;TUR;Turkey;253688;4.69;1.8e-05;country_total_population_share;2024
849;Bolu;TUR;Turkey;393334;7.27;1.8e-05;country_total_population_share;2024
850;Ankara;TUR;Turkey;309851;5.73;1.8e-05;country_total_population_share;2024
851;Bilecik;TUR;Turkey;512907;9.48;1.8e-05;country_total_population_share;2024
852;Eskişehir;TUR;Turkey;563550;10.41;1.8e-05;country_total_population_share;2024
853;Çankırı;TUR;Turkey;1314176;24.28;1.8e-05;country_total_population_share;2024
854;Karabük;TUR;Turkey;1752262;32.38;1.8e-05;country_total_population_share;2024
855;Tokat;TUR;Turkey;1554110;28.72;1.8e-05;country_total_population_share;2024
856;Sivas;TUR;Turkey;957265;17.69;1.8e-05;country_total_population_share;2024
857;Çorum;TUR;Turkey;1549154;28.62;1.8e-05;country_total_population_share;2024
858;Amasya;TUR;Turkey;2554296;47.2;1.8e-05;country_total_population_share;2024
859;Kütahya;TUR;Turkey;1842578;34.05;1.8e-05;country_total_population_share;2024
860;Konya;TUR;Turkey;1849827;34.18;1.8e-05;country_total_population_share;2024
861;Karaman;TUR;Turkey;1033269;19.09;1.8e-05;country_total_population_share;2024
862;Niğde;TUR;Turkey;3094977;57.19;1.8e-05;country_total_population_share;2024
863;Kayseri;TUR;Turkey;637223;11.77;1.8e-05;country_total_population_share;2024
864;Isparta;TUR;Turkey;1654063;30.56;1.8e-05;country_total_population_share;2024
865;Manisa;TUR;Turkey;925454;17.1;1.8e-05;country_total_population_share;2024
866;Denizli;TUR;Turkey;477801;8.83;1.8e-05;country_total_population_share;2024
867;Burdur;TUR;Turkey;1134203;20.96;1.8e-05;country_total_population_share;2024
868;Aksaray;TUR;Turkey;3387875;62.6;1.8e-05;country_total_population_share;2024
869;Nevşehir;TUR;Turkey;1508393;27.87;1.8e-05;country_total_population_share;2024
870;Yozgat;TUR;Turkey;750278;13.86;1.8e-05;country_total_population_share;2024
871;Kırşehir;TUR;Turkey;1453437;26.86;1.8e-05;country_total_population_share;2024
872;Uşak;TUR;Turkey;4851222;89.64;1.8e-05;country_total_population_share;2024
873;Erzincan;TUR;Turkey;1082981;20.01;1.8e-05;country_total_population_share;2024
874;Tunceli;TUR;Turkey;802129;14.82;1.8e-05;country_total_population_share;2024
875;Afyonkarahisar;TUR;Turkey;2113630;39.05;1.8e-05;country_total_population_share;2024
876;Kırıkkale;TUR;Turkey;1057085;19.53;1.8e-05;country_total_population_share;2024
877;Kahramanmaraş;TUR;Turkey;1558278;28.79;1.8e-05;country_total_population_share;2024
878;Muş;TUR;Turkey;1339019;24.74;1.8e-05;country_total_population_share;2024
879;Erzurum;TUR;Turkey;871750;16.11;1.8e-05;country_total_population_share;2024
880;Malatya;TUR;Turkey;934611;17.27;1.8e-05;country_total_population_share;2024
881;Elazığ;TUR;Turkey;638202;11.79;1.8e-05;country_total_population_share;2024
882;Bitlis;TUR;Turkey;1658542;30.65;1.8e-05;country_total_population_share;2024
883;Bingöl;TUR;Turkey;767771;14.19;1.8e-05;country_total_population_share;2024
884;Osmaniye;TUR;Turkey;535931;9.9;1.8e-05;country_total_population_share;2024
885;Adıyaman;TUR;Turkey;1363236;25.19;1.8e-05;country_total_population_share;2024
886;Diyarbakır;TUR;Turkey;952209;17.59;1.8e-05;country_total_population_share;2024
887;Batman;TUR;Turkey;1778290;32.86;1.8e-05;country_total_population_share;2024
888;Bayburt;TUR;Turkey;562116;10.39;1.8e-05;country_total_population_share;2024
889;Gümüşhane;TUR;Turkey;1739863;32.15;1.8e-05;country_total_population_share;2024
890;Chernihiv;UKR;Ukraine;923835;5.6;6e-06;country_total_population_share;2024
891;Volyn;UKR;Ukraine;983581;5.96;6e-06;country_total_population_share;2024
892;Rivne;UKR;Ukraine;1099555;6.66;6e-06;country_total_population_share;2024
893;Zhytomyr;UKR;Ukraine;1135426;6.88;6e-06;country_total_population_share;2024
894;Kyiv;UKR;Ukraine;1728688;10.48;6e-06;country_total_population_share;2024
895;Zakarpattia;UKR;Ukraine;1198449;7.26;6e-06;country_total_population_share;2024
896;Chernivtsi;UKR;Ukraine;857524;5.2;6e-06;country_total_population_share;2024
897;Ivano-Frankivsk;UKR;Ukraine;1301825;7.89;6e-06;country_total_population_share;2024
898;Odessa;UKR;Ukraine;2264425;13.72;6e-06;country_total_population_share;2024
899;Vinnytsia;UKR;Ukraine;1453686;8.81;6e-06;country_total_population_share;2024
900;Lviv;UKR;Ukraine;2386479;14.46;6e-06;country_total_population_share;2024
901;Sumy;UKR;Ukraine;997464;6.05;6e-06;country_total_population_share;2024
902;Kharkiv;UKR;Ukraine;2502838;15.17;6e-06;country_total_population_share;2024
903;Luhansk;UKR;Ukraine;2087625;12.65;6e-06;country_total_population_share;2024
904;Donetsk;UKR;Ukraine;4045105;24.52;6e-06;country_total_population_share;2024
905;Kherson;UKR;Ukraine;964554;5.85;6e-06;country_total_population_share;2024
906;Zaporizhzhia;UKR;Ukraine;1577863;9.56;6e-06;country_total_population_share;2024
907;Mykolaiv;UKR;Ukraine;1051440;6.37;6e-06;country_total_population_share;2024
908;Poltava;UKR;Ukraine;1302269;7.89;6e-06;country_total_population_share;2024
909;Khmelnytskyi;UKR;Ukraine;1183381;7.17;6e-06;country_total_population_share;2024
910;Ternopil;UKR;Ukraine;983925;5.96;6e-06;country_total_population_share;2024
911;Dnipropetrovsk;UKR;Ukraine;2981960;18.07;6e-06;country_total_population_share;2024
912;Cherkasy;UKR;Ukraine;1117814;6.78;6e-06;country_total_population_share;2024
913;Kirovohrad;UKR;Ukraine;870289;5.27;6e-06;country_total_population_share;2024
