province_id;province_name;country_iso3;country_name;ideology;ideology_raw;ideology_source;ideology_year
0;Dibër;ALB;Albania;demokracie;demokracie;manual_dataset;2024
1;Kukës;ALB;Albania;demokracie;demokracie;manual_dataset;2024
2;Korçë;ALB;Albania;demokracie;demokracie;manual_dataset;2024
3;Elbasan;ALB;Albania;demokracie;demokracie;manual_dataset;2024
4;Gjirokastër;ALB;Albania;demokracie;demokracie;manual_dataset;2024
5;Vlorë;ALB;Albania;demokracie;demokracie;manual_dataset;2024
6;Shkodër;ALB;Albania;demokracie;demokracie;manual_dataset;2024
7;Fier;ALB;Albania;demokracie;demokracie;manual_dataset;2024
8;Tirana;ALB;Albania;demokracie;demokracie;manual_dataset;2024
9;Lezhë;ALB;Albania;demokracie;demokracie;manual_dataset;2024
10;Berat;ALB;Albania;demokracie;demokracie;manual_dataset;2024
11;Lower Austria;AUT;Austria;demokracie;demokracie;manual_dataset;2024
12;Upper Austria;AUT;Austria;demokracie;demokracie;manual_dataset;2024
13;Burgenland;AUT;Austria;demokracie;demokracie;manual_dataset;2024
14;Vorarlberg;AUT;Austria;demokracie;demokracie;manual_dataset;2024
15;Tyrol;AUT;Austria;demokracie;demokracie;manual_dataset;2024
16;Salzburg;AUT;Austria;demokracie;demokracie;manual_dataset;2024
17;Carinthia;AUT;Austria;demokracie;demokracie;manual_dataset;2024
18;Styria;AUT;Austria;demokracie;demokracie;manual_dataset;2024
19;West Flanders;BEL;Belgium;kralovstvi;kralovstvi;manual_dataset;2024
20;Hainaut;BEL;Belgium;kralovstvi;kralovstvi;manual_dataset;2024
21;Namur;BEL;Belgium;kralovstvi;kralovstvi;manual_dataset;2024
22;Luxembourg;BEL;Belgium;kralovstvi;kralovstvi;manual_dataset;2024
23;Liège;BEL;Belgium;kralovstvi;kralovstvi;manual_dataset;2024
24;East Flanders;BEL;Belgium;kralovstvi;kralovstvi;manual_dataset;2024
25;Antwerp;BEL;Belgium;kralovstvi;kralovstvi;manual_dataset;2024
26;Limburg;BEL;Belgium;kralovstvi;kralovstvi;manual_dataset;2024
27;Flemish Brabant;BEL;Belgium;kralovstvi;kralovstvi;manual_dataset;2024
28;Walloon Brabant;BEL;Belgium;kralovstvi;kralovstvi;manual_dataset;2024
29;Burgas;BGR;Bulgaria;demokracie;demokracie;manual_dataset;2024
30;Yambol;BGR;Bulgaria;demokracie;demokracie;manual_dataset;2024
31;Haskovo;BGR;Bulgaria;demokracie;demokracie;manual_dataset;2024
32;Vidin;BGR;Bulgaria;demokracie;demokracie;manual_dataset;2024
33;Pernik;BGR;Bulgaria;demokracie;demokracie;manual_dataset;2024
34;Sofia;BGR;Bulgaria;demokracie;demokracie;manual_dataset;2024
35;Montana;BGR;Bulgaria;demokracie;demokracie;manual_dataset;2024
36;Kyustendil;BGR;Bulgaria;demokracie;demokracie;manual_dataset;2024
37;Blagoevgrad;BGR;Bulgaria;demokracie;demokracie;manual_dataset;2024
38;Silistra;BGR;Bulgaria;demokracie;demokracie;manual_dataset;2024
39;Ruse;BGR;Bulgaria;demokracie;demokracie;manual_dataset;2024
40;Dobrich;BGR;Bulgaria;demokracie;demokracie;manual_dataset;2024
41;Vratsa;BGR;Bulgaria;demokracie;demokracie;manual_dataset;2024
42;Pleven;BGR;Bulgaria;demokracie;demokracie;manual_dataset;2024
43;Veliko Tarnovo;BGR;Bulgaria;demokracie;demokracie;manual_dataset;2024
44;Kardzhali;BGR;Bulgaria;demokracie;demokracie;manual_dataset;2024
45;Smolyan;BGR;Bulgaria;demokracie;demokracie;manual_dataset;2024
46;Varna;BGR;Bulgaria;demokracie;demokracie;manual_dataset;2024
47;Plovdiv;BGR;Bulgaria;demokracie;demokracie;manual_dataset;2024
48;Stara Zagora;BGR;Bulgaria;demokracie;demokracie;manual_dataset;2024
49;Sliven;BGR;Bulgaria;demokracie;demokracie;manual_dataset;2024
50;Shumen;BGR;Bulgaria;demokracie;demokracie;manual_dataset;2024
51;Razgrad;BGR;Bulgaria;demokracie;demokracie;manual_dataset;2024
52;Targovishte;BGR;Bulgaria;demokracie;demokracie;manual_dataset;2024
53;Gabrovo;BGR;Bulgaria;demokracie;demokracie;manual_dataset;2024
54;Pazardzhik;BGR;Bulgaria;demokracie;demokracie;manual_dataset;2024
55;Lovech;BGR;Bulgaria;demokracie;demokracie;manual_dataset;2024
56;Herzegovina-Neretva Canton;BIH;Bosnia and Herzegovina;demokracie;demokracie;manual_dataset;2024
57;Trebinje;BIH;Bosnia and Herzegovina;demokracie;demokracie;manual_dataset;2024
58;Foča;BIH;Bosnia and Herzegovina;demokracie;demokracie;manual_dataset;2024
59;Banja Luka;BIH;Bosnia and Herzegovina;demokracie;demokracie;manual_dataset;2024
60;Una-Sana Canton;BIH;Bosnia and Herzegovina;demokracie;demokracie;manual_dataset;2024
61;Doboj;BIH;Bosnia and Herzegovina;demokracie;demokracie;manual_dataset;2024
62;Bijeljina;BIH;Bosnia and Herzegovina;demokracie;demokracie;manual_dataset;2024
63;Livno;BIH;Bosnia and Herzegovina;demokracie;demokracie;manual_dataset;2024
64;West Herzegovina Canton;BIH;Bosnia and Herzegovina;demokracie;demokracie;manual_dataset;2024
65;Vlasenica;BIH;Bosnia and Herzegovina;demokracie;demokracie;manual_dataset;2024
66;Central Bosnia Canton;BIH;Bosnia and Herzegovina;demokracie;demokracie;manual_dataset;2024
67;Zenica-Doboj Canton;BIH;Bosnia and Herzegovina;demokracie;demokracie;manual_dataset;2024
68;Tuzla Canton;BIH;Bosnia and Herzegovina;demokracie;demokracie;manual_dataset;2024
69;Sarajevo-Romanija;BIH;Bosnia and Herzegovina;demokracie;demokracie;manual_dataset;2024
70;Sarajevo Canton;BIH;Bosnia and Herzegovina;demokracie;demokracie;manual_dataset;2024
71;Gomel;BLR;Belarus;autokracie;autokracie;manual_dataset;2024
72;Brest;BLR;Belarus;autokracie;autokracie;manual_dataset;2024
73;Vitebsk;BLR;Belarus;autokracie;autokracie;manual_dataset;2024
74;Grodno;BLR;Belarus;autokracie;autokracie;manual_dataset;2024
75;Mahilioŭ;BLR;Belarus;autokracie;autokracie;manual_dataset;2024
76;Minsk;BLR;Belarus;autokracie;autokracie;manual_dataset;2024
77;Valais;CHE;Switzerland;demokracie;demokracie;manual_dataset;2024
78;Ticino;CHE;Switzerland;demokracie;demokracie;manual_dataset;2024
79;Grisons;CHE;Switzerland;demokracie;demokracie;manual_dataset;2024
80;Thurgau;CHE;Switzerland;demokracie;demokracie;manual_dataset;2024
81;Zürich;CHE;Switzerland;demokracie;demokracie;manual_dataset;2024
82;Aargau;CHE;Switzerland;demokracie;demokracie;manual_dataset;2024
83;St. Gallen;CHE;Switzerland;demokracie;demokracie;manual_dataset;2024
84;Solothurn;CHE;Switzerland;demokracie;demokracie;manual_dataset;2024
85;Vaud;CHE;Switzerland;demokracie;demokracie;manual_dataset;2024
86;Bern;CHE;Switzerland;demokracie;demokracie;manual_dataset;2024
87;Lucerne;CHE;Switzerland;demokracie;demokracie;manual_dataset;2024
88;Uri;CHE;Switzerland;demokracie;demokracie;manual_dataset;2024
89;Fribourg;CHE;Switzerland;demokracie;demokracie;manual_dataset;2024
90;Famagusta;CYP;Cyprus;demokracie;demokracie;manual_dataset;2024
91;Nicosia;CYP;Cyprus;demokracie;demokracie;manual_dataset;2024
92;Limassol;CYP;Cyprus;demokracie;demokracie;manual_dataset;2024
93;Paphos;CYP;Cyprus;demokracie;demokracie;manual_dataset;2024
94;Ústí nad Labem;CZE;Czech Republic;demokracie;demokracie;manual_dataset;2024
95;Liberec;CZE;Czech Republic;demokracie;demokracie;manual_dataset;2024
96;Karlovy Vary;CZE;Czech Republic;demokracie;demokracie;manual_dataset;2024
97;Plzeň-;CZE;Czech Republic;demokracie;demokracie;manual_dataset;2024
98;South Bohemian;CZE;Czech Republic;demokracie;demokracie;manual_dataset;2024
99;Hradec Králové;CZE;Czech Republic;demokracie;demokracie;manual_dataset;2024
100;Olomouc;CZE;Czech Republic;demokracie;demokracie;manual_dataset;2024
101;Pardubice;CZE;Czech Republic;demokracie;demokracie;manual_dataset;2024
102;Moravian-Silesian;CZE;Czech Republic;demokracie;demokracie;manual_dataset;2024
103;South Moravian;CZE;Czech Republic;demokracie;demokracie;manual_dataset;2024
104;Zlín;CZE;Czech Republic;demokracie;demokracie;manual_dataset;2024
105;Vysočina;CZE;Czech Republic;demokracie;demokracie;manual_dataset;2024
106;Central Bohemian;CZE;Czech Republic;demokracie;demokracie;manual_dataset;2024
107;Saxony;DEU;Germany;demokracie;demokracie;manual_dataset;2024
108;Bavaria;DEU;Germany;demokracie;demokracie;manual_dataset;2024
109;Rhineland-Palatinate;DEU;Germany;demokracie;demokracie;manual_dataset;2024
110;Saarland;DEU;Germany;demokracie;demokracie;manual_dataset;2024
111;Schleswig-Holstein;DEU;Germany;demokracie;demokracie;manual_dataset;2024
112;Lower Saxony;DEU;Germany;demokracie;demokracie;manual_dataset;2024
113;North Rhine-Westphalia;DEU;Germany;demokracie;demokracie;manual_dataset;2024
114;Baden-Württemberg;DEU;Germany;demokracie;demokracie;manual_dataset;2024
115;Brandenburg;DEU;Germany;demokracie;demokracie;manual_dataset;2024
116;Mecklenburg-Western Pomerania;DEU;Germany;demokracie;demokracie;manual_dataset;2024
117;Hesse;DEU;Germany;demokracie;demokracie;manual_dataset;2024
118;Thuringia;DEU;Germany;demokracie;demokracie;manual_dataset;2024
119;Saxony-Anhalt;DEU;Germany;demokracie;demokracie;manual_dataset;2024
120;North Denmark;DNK;Denmark;kralovstvi;kralovstvi;manual_dataset;2024
121;Denmark;DNK;Denmark;kralovstvi;kralovstvi;manual_dataset;2024
122;Navarre;ESP;Spain;kralovstvi;kralovstvi;manual_dataset;2024
123;Gipuzkoa;ESP;Spain;kralovstvi;kralovstvi;manual_dataset;2024
124;Huesca;ESP;Spain;kralovstvi;kralovstvi;manual_dataset;2024
125;Lleida;ESP;Spain;kralovstvi;kralovstvi;manual_dataset;2024
126;Girona;ESP;Spain;kralovstvi;kralovstvi;manual_dataset;2024
127;Badajoz;ESP;Spain;kralovstvi;kralovstvi;manual_dataset;2024
128;Cádiz;ESP;Spain;kralovstvi;kralovstvi;manual_dataset;2024
129;Ourense;ESP;Spain;kralovstvi;kralovstvi;manual_dataset;2024
130;Cáceres;ESP;Spain;kralovstvi;kralovstvi;manual_dataset;2024
131;Salamanca;ESP;Spain;kralovstvi;kralovstvi;manual_dataset;2024
132;Zamora;ESP;Spain;kralovstvi;kralovstvi;manual_dataset;2024
133;Pontevedra;ESP;Spain;kralovstvi;kralovstvi;manual_dataset;2024
134;Huelva;ESP;Spain;kralovstvi;kralovstvi;manual_dataset;2024
135;Barcelona;ESP;Spain;kralovstvi;kralovstvi;manual_dataset;2024
136;Tarragona;ESP;Spain;kralovstvi;kralovstvi;manual_dataset;2024
137;Castellón;ESP;Spain;kralovstvi;kralovstvi;manual_dataset;2024
138;Valencia;ESP;Spain;kralovstvi;kralovstvi;manual_dataset;2024
139;Alicante;ESP;Spain;kralovstvi;kralovstvi;manual_dataset;2024
140;Murcia;ESP;Spain;kralovstvi;kralovstvi;manual_dataset;2024
141;Almería;ESP;Spain;kralovstvi;kralovstvi;manual_dataset;2024
142;Granada;ESP;Spain;kralovstvi;kralovstvi;manual_dataset;2024
143;Málaga;ESP;Spain;kralovstvi;kralovstvi;manual_dataset;2024
144;Seville;ESP;Spain;kralovstvi;kralovstvi;manual_dataset;2024
145;A Coruña;ESP;Spain;kralovstvi;kralovstvi;manual_dataset;2024
146;Lugo;ESP;Spain;kralovstvi;kralovstvi;manual_dataset;2024
147;Asturias;ESP;Spain;kralovstvi;kralovstvi;manual_dataset;2024
148;Cantabria;ESP;Spain;kralovstvi;kralovstvi;manual_dataset;2024
149;Biscay;ESP;Spain;kralovstvi;kralovstvi;manual_dataset;2024
150;Santa Cruz de Tenerife;ESP;Spain;kralovstvi;kralovstvi;manual_dataset;2024
151;Las Palmas;ESP;Spain;kralovstvi;kralovstvi;manual_dataset;2024
152;Balearic Islands;ESP;Spain;kralovstvi;kralovstvi;manual_dataset;2024
153;Zaragoza;ESP;Spain;kralovstvi;kralovstvi;manual_dataset;2024
154;La Rioja;ESP;Spain;kralovstvi;kralovstvi;manual_dataset;2024
155;Araba / Álava;ESP;Spain;kralovstvi;kralovstvi;manual_dataset;2024
156;Albacete;ESP;Spain;kralovstvi;kralovstvi;manual_dataset;2024
157;Teruel;ESP;Spain;kralovstvi;kralovstvi;manual_dataset;2024
158;Cuenca;ESP;Spain;kralovstvi;kralovstvi;manual_dataset;2024
159;Toledo;ESP;Spain;kralovstvi;kralovstvi;manual_dataset;2024
160;León;ESP;Spain;kralovstvi;kralovstvi;manual_dataset;2024
161;Soria;ESP;Spain;kralovstvi;kralovstvi;manual_dataset;2024
162;Burgos;ESP;Spain;kralovstvi;kralovstvi;manual_dataset;2024
163;Ávila;ESP;Spain;kralovstvi;kralovstvi;manual_dataset;2024
164;Palencia;ESP;Spain;kralovstvi;kralovstvi;manual_dataset;2024
165;Ciudad Real;ESP;Spain;kralovstvi;kralovstvi;manual_dataset;2024
166;Córdoba;ESP;Spain;kralovstvi;kralovstvi;manual_dataset;2024
167;Guadalajara;ESP;Spain;kralovstvi;kralovstvi;manual_dataset;2024
168;Jaén;ESP;Spain;kralovstvi;kralovstvi;manual_dataset;2024
169;Community of Madrid;ESP;Spain;kralovstvi;kralovstvi;manual_dataset;2024
170;Segovia;ESP;Spain;kralovstvi;kralovstvi;manual_dataset;2024
171;Valladolid;ESP;Spain;kralovstvi;kralovstvi;manual_dataset;2024
172;Viljandi;EST;Estonia;demokracie;demokracie;manual_dataset;2024
173;Pärnu;EST;Estonia;demokracie;demokracie;manual_dataset;2024
174;Valga;EST;Estonia;demokracie;demokracie;manual_dataset;2024
175;Võru;EST;Estonia;demokracie;demokracie;manual_dataset;2024
176;Ida-Viru;EST;Estonia;demokracie;demokracie;manual_dataset;2024
177;Põlva;EST;Estonia;demokracie;demokracie;manual_dataset;2024
178;Tartu;EST;Estonia;demokracie;demokracie;manual_dataset;2024
179;Jõgeva;EST;Estonia;demokracie;demokracie;manual_dataset;2024
180;Lääne;EST;Estonia;demokracie;demokracie;manual_dataset;2024
181;Harju;EST;Estonia;demokracie;demokracie;manual_dataset;2024
182;Lääne-Viru;EST;Estonia;demokracie;demokracie;manual_dataset;2024
183;Saare;EST;Estonia;demokracie;demokracie;manual_dataset;2024
184;Hiiu;EST;Estonia;demokracie;demokracie;manual_dataset;2024
185;Rapla;EST;Estonia;demokracie;demokracie;manual_dataset;2024
186;Järva;EST;Estonia;demokracie;demokracie;manual_dataset;2024
187;Lapland;FIN;Finland;demokracie;demokracie;manual_dataset;2024
188;Northern Ostrobothnia;FIN;Finland;demokracie;demokracie;manual_dataset;2024
189;Kainuu;FIN;Finland;demokracie;demokracie;manual_dataset;2024
190;North Karelia;FIN;Finland;demokracie;demokracie;manual_dataset;2024
191;South Karelia;FIN;Finland;demokracie;demokracie;manual_dataset;2024
192;Kymenlaakso;FIN;Finland;demokracie;demokracie;manual_dataset;2024
193;Uusimaa;FIN;Finland;demokracie;demokracie;manual_dataset;2024
194;Finland Proper;FIN;Finland;demokracie;demokracie;manual_dataset;2024
195;Satakunta;FIN;Finland;demokracie;demokracie;manual_dataset;2024
196;Ostrobothnia;FIN;Finland;demokracie;demokracie;manual_dataset;2024
197;Central Ostrobothnia;FIN;Finland;demokracie;demokracie;manual_dataset;2024
198;Northern Savonia;FIN;Finland;demokracie;demokracie;manual_dataset;2024
199;Southern Savonia;FIN;Finland;demokracie;demokracie;manual_dataset;2024
200;Central Finland;FIN;Finland;demokracie;demokracie;manual_dataset;2024
201;Southern Ostrobothnia;FIN;Finland;demokracie;demokracie;manual_dataset;2024
202;Pirkanmaa;FIN;Finland;demokracie;demokracie;manual_dataset;2024
203;Tavastia Proper;FIN;Finland;demokracie;demokracie;manual_dataset;2024
204;Päijänne Tavastia;FIN;Finland;demokracie;demokracie;manual_dataset;2024
205;Nord;FRA;France;demokracie;demokracie;manual_dataset;2024
206;Ardennes;FRA;France;demokracie;demokracie;manual_dataset;2024
207;Aisne;FRA;France;demokracie;demokracie;manual_dataset;2024
208;Meuse;FRA;France;demokracie;demokracie;manual_dataset;2024
209;Meurthe-et-Moselle;FRA;France;demokracie;demokracie;manual_dataset;2024
210;Moselle;FRA;France;demokracie;demokracie;manual_dataset;2024
211;Alpes-Maritimes;FRA;France;demokracie;demokracie;manual_dataset;2024
212;Alpes-de-Haute-Provence;FRA;France;demokracie;demokracie;manual_dataset;2024
213;Hautes-Alpes;FRA;France;demokracie;demokracie;manual_dataset;2024
214;Savoie;FRA;France;demokracie;demokracie;manual_dataset;2024
215;Haute-Savoie;FRA;France;demokracie;demokracie;manual_dataset;2024
216;Pyrenees-Atlantics;FRA;France;demokracie;demokracie;manual_dataset;2024
217;Haute-Garonne;FRA;France;demokracie;demokracie;manual_dataset;2024
218;Hautes-Pyrénées;FRA;France;demokracie;demokracie;manual_dataset;2024
219;Ariège;FRA;France;demokracie;demokracie;manual_dataset;2024
220;Pyrénées-Orientales;FRA;France;demokracie;demokracie;manual_dataset;2024
221;Bas-Rhin;FRA;France;demokracie;demokracie;manual_dataset;2024
222;Haut-Rhin;FRA;France;demokracie;demokracie;manual_dataset;2024
223;Doubs;FRA;France;demokracie;demokracie;manual_dataset;2024
224;Ain;FRA;France;demokracie;demokracie;manual_dataset;2024
225;Jura;FRA;France;demokracie;demokracie;manual_dataset;2024
226;Var;FRA;France;demokracie;demokracie;manual_dataset;2024
227;Bouches-du-Rhône;FRA;France;demokracie;demokracie;manual_dataset;2024
228;Gard;FRA;France;demokracie;demokracie;manual_dataset;2024
229;Hérault;FRA;France;demokracie;demokracie;manual_dataset;2024
230;Aude;FRA;France;demokracie;demokracie;manual_dataset;2024
231;Landes;FRA;France;demokracie;demokracie;manual_dataset;2024
232;Gironde;FRA;France;demokracie;demokracie;manual_dataset;2024
233;Charente-Maritime;FRA;France;demokracie;demokracie;manual_dataset;2024
234;Vendée;FRA;France;demokracie;demokracie;manual_dataset;2024
235;Loire-Atlantique;FRA;France;demokracie;demokracie;manual_dataset;2024
236;Morbihan;FRA;France;demokracie;demokracie;manual_dataset;2024
237;Finistère;FRA;France;demokracie;demokracie;manual_dataset;2024
238;Côtes-d'Armor;FRA;France;demokracie;demokracie;manual_dataset;2024
239;Ille-et-Vilaine;FRA;France;demokracie;demokracie;manual_dataset;2024
240;Manche;FRA;France;demokracie;demokracie;manual_dataset;2024
241;Calvados;FRA;France;demokracie;demokracie;manual_dataset;2024
242;Eure;FRA;France;demokracie;demokracie;manual_dataset;2024
243;Seine-Maritime;FRA;France;demokracie;demokracie;manual_dataset;2024
244;Somme;FRA;France;demokracie;demokracie;manual_dataset;2024
245;Pas-de-Calais;FRA;France;demokracie;demokracie;manual_dataset;2024
246;Corse-du-Sud;FRA;France;demokracie;demokracie;manual_dataset;2024
247;Gers;FRA;France;demokracie;demokracie;manual_dataset;2024
248;Haute-Vienne;FRA;France;demokracie;demokracie;manual_dataset;2024
249;Corrèze;FRA;France;demokracie;demokracie;manual_dataset;2024
250;Tarn-et-Garonne;FRA;France;demokracie;demokracie;manual_dataset;2024
251;Tarn;FRA;France;demokracie;demokracie;manual_dataset;2024
252;Isère;FRA;France;demokracie;demokracie;manual_dataset;2024
253;Drôme;FRA;France;demokracie;demokracie;manual_dataset;2024
254;Aveyron;FRA;France;demokracie;demokracie;manual_dataset;2024
255;Lot;FRA;France;demokracie;demokracie;manual_dataset;2024
256;Indre-et-Loire;FRA;France;demokracie;demokracie;manual_dataset;2024
257;Indre;FRA;France;demokracie;demokracie;manual_dataset;2024
258;Loir-et-Cher;FRA;France;demokracie;demokracie;manual_dataset;2024
259;Creuse;FRA;France;demokracie;demokracie;manual_dataset;2024
260;Mayenne;FRA;France;demokracie;demokracie;manual_dataset;2024
261;Sarthe;FRA;France;demokracie;demokracie;manual_dataset;2024
262;Vaucluse;FRA;France;demokracie;demokracie;manual_dataset;2024
263;Haute-Marne;FRA;France;demokracie;demokracie;manual_dataset;2024
264;Marne;FRA;France;demokracie;demokracie;manual_dataset;2024
265;Dordogne;FRA;France;demokracie;demokracie;manual_dataset;2024
266;Rhône;FRA;France;demokracie;demokracie;manual_dataset;2024
267;Vosges;FRA;France;demokracie;demokracie;manual_dataset;2024
268;Ardèche;FRA;France;demokracie;demokracie;manual_dataset;2024
269;Loire;FRA;France;demokracie;demokracie;manual_dataset;2024
270;Puy-de-Dôme;FRA;France;demokracie;demokracie;manual_dataset;2024
271;Allier;FRA;France;demokracie;demokracie;manual_dataset;2024
272;Loiret;FRA;France;demokracie;demokracie;manual_dataset;2024
273;Maine-et-Loire;FRA;France;demokracie;demokracie;manual_dataset;2024
274;Aube;FRA;France;demokracie;demokracie;manual_dataset;2024
275;Val-d'Oise;FRA;France;demokracie;demokracie;manual_dataset;2024
276;Yvelines;FRA;France;demokracie;demokracie;manual_dataset;2024
277;Charente;FRA;France;demokracie;demokracie;manual_dataset;2024
278;Cher;FRA;France;demokracie;demokracie;manual_dataset;2024
279;Eure-et-Loir;FRA;France;demokracie;demokracie;manual_dataset;2024
280;Haute-Loire;FRA;France;demokracie;demokracie;manual_dataset;2024
281;Cantal;FRA;France;demokracie;demokracie;manual_dataset;2024
282;Lot-et-Garonne;FRA;France;demokracie;demokracie;manual_dataset;2024
283;Lozère;FRA;France;demokracie;demokracie;manual_dataset;2024
284;Nièvre;FRA;France;demokracie;demokracie;manual_dataset;2024
285;Côte-d’Or;FRA;France;demokracie;demokracie;manual_dataset;2024
286;Oise;FRA;France;demokracie;demokracie;manual_dataset;2024
287;Orne;FRA;France;demokracie;demokracie;manual_dataset;2024
288;Haute-Saône;FRA;France;demokracie;demokracie;manual_dataset;2024
289;Saône-et-Loire;FRA;France;demokracie;demokracie;manual_dataset;2024
290;Deux-Sèvres;FRA;France;demokracie;demokracie;manual_dataset;2024
291;Vienne;FRA;France;demokracie;demokracie;manual_dataset;2024
292;Yonne;FRA;France;demokracie;demokracie;manual_dataset;2024
293;Essonne;FRA;France;demokracie;demokracie;manual_dataset;2024
294;Seine-et-Marne;FRA;France;demokracie;demokracie;manual_dataset;2024
295;Strabane;GBR;United Kingdom;kralovstvi;kralovstvi;manual_dataset;2024
296;Fermanagh;GBR;United Kingdom;kralovstvi;kralovstvi;manual_dataset;2024
297;Wrexham;GBR;United Kingdom;kralovstvi;kralovstvi;manual_dataset;2024
298;Shropshire;GBR;United Kingdom;kralovstvi;kralovstvi;manual_dataset;2024
299;Powys;GBR;United Kingdom;kralovstvi;kralovstvi;manual_dataset;2024
300;Herefordshire;GBR;United Kingdom;kralovstvi;kralovstvi;manual_dataset;2024
301;Gloucestershire;GBR;United Kingdom;kralovstvi;kralovstvi;manual_dataset;2024
302;Scottish Borders;GBR;United Kingdom;kralovstvi;kralovstvi;manual_dataset;2024
303;Northumberland;GBR;United Kingdom;kralovstvi;kralovstvi;manual_dataset;2024
304;Cumbria;GBR;United Kingdom;kralovstvi;kralovstvi;manual_dataset;2024
305;Dumfries and Galloway;GBR;United Kingdom;kralovstvi;kralovstvi;manual_dataset;2024
306;Stirling;GBR;United Kingdom;kralovstvi;kralovstvi;manual_dataset;2024
307;Durham;GBR;United Kingdom;kralovstvi;kralovstvi;manual_dataset;2024
308;North Yorkshire;GBR;United Kingdom;kralovstvi;kralovstvi;manual_dataset;2024
309;East Riding of Yorkshire;GBR;United Kingdom;kralovstvi;kralovstvi;manual_dataset;2024
310;North East Lincolnshire;GBR;United Kingdom;kralovstvi;kralovstvi;manual_dataset;2024
311;Lincolnshire;GBR;United Kingdom;kralovstvi;kralovstvi;manual_dataset;2024
312;Norfolk;GBR;United Kingdom;kralovstvi;kralovstvi;manual_dataset;2024
313;Suffolk;GBR;United Kingdom;kralovstvi;kralovstvi;manual_dataset;2024
314;Essex;GBR;United Kingdom;kralovstvi;kralovstvi;manual_dataset;2024
315;Kent;GBR;United Kingdom;kralovstvi;kralovstvi;manual_dataset;2024
316;East Sussex;GBR;United Kingdom;kralovstvi;kralovstvi;manual_dataset;2024
317;West Sussex;GBR;United Kingdom;kralovstvi;kralovstvi;manual_dataset;2024
318;Hampshire;GBR;United Kingdom;kralovstvi;kralovstvi;manual_dataset;2024
319;Dorset;GBR;United Kingdom;kralovstvi;kralovstvi;manual_dataset;2024
320;Cornwall;GBR;United Kingdom;kralovstvi;kralovstvi;manual_dataset;2024
321;Somerset;GBR;United Kingdom;kralovstvi;kralovstvi;manual_dataset;2024
322;Carmarthenshire;GBR;United Kingdom;kralovstvi;kralovstvi;manual_dataset;2024
323;Pembrokeshire;GBR;United Kingdom;kralovstvi;kralovstvi;manual_dataset;2024
324;Ceredigion;GBR;United Kingdom;kralovstvi;kralovstvi;manual_dataset;2024
325;Gwynedd;GBR;United Kingdom;kralovstvi;kralovstvi;manual_dataset;2024
326;Conwy;GBR;United Kingdom;kralovstvi;kralovstvi;manual_dataset;2024
327;Lancashire;GBR;United Kingdom;kralovstvi;kralovstvi;manual_dataset;2024
328;South Ayrshire;GBR;United Kingdom;kralovstvi;kralovstvi;manual_dataset;2024
329;Argyll and Bute;GBR;United Kingdom;kralovstvi;kralovstvi;manual_dataset;2024
330;Highland;GBR;United Kingdom;kralovstvi;kralovstvi;manual_dataset;2024
331;Moray;GBR;United Kingdom;kralovstvi;kralovstvi;manual_dataset;2024
332;Aberdeenshire;GBR;United Kingdom;kralovstvi;kralovstvi;manual_dataset;2024
333;Angus;GBR;United Kingdom;kralovstvi;kralovstvi;manual_dataset;2024
334;Perth and Kinross;GBR;United Kingdom;kralovstvi;kralovstvi;manual_dataset;2024
335;Fife;GBR;United Kingdom;kralovstvi;kralovstvi;manual_dataset;2024
336;Outer Hebrides;GBR;United Kingdom;kralovstvi;kralovstvi;manual_dataset;2024
337;Shetland Islands;GBR;United Kingdom;kralovstvi;kralovstvi;manual_dataset;2024
338;East Ayrshire;GBR;United Kingdom;kralovstvi;kralovstvi;manual_dataset;2024
339;South Lanarkshire;GBR;United Kingdom;kralovstvi;kralovstvi;manual_dataset;2024
340;Omagh;GBR;United Kingdom;kralovstvi;kralovstvi;manual_dataset;2024
341;Hertfordshire;GBR;United Kingdom;kralovstvi;kralovstvi;manual_dataset;2024
342;Cambridgeshire;GBR;United Kingdom;kralovstvi;kralovstvi;manual_dataset;2024
343;Buckinghamshire;GBR;United Kingdom;kralovstvi;kralovstvi;manual_dataset;2024
344;Nottinghamshire;GBR;United Kingdom;kralovstvi;kralovstvi;manual_dataset;2024
345;Northamptonshire;GBR;United Kingdom;kralovstvi;kralovstvi;manual_dataset;2024
346;Leicestershire;GBR;United Kingdom;kralovstvi;kralovstvi;manual_dataset;2024
347;Cheshire East;GBR;United Kingdom;kralovstvi;kralovstvi;manual_dataset;2024
348;Derbyshire;GBR;United Kingdom;kralovstvi;kralovstvi;manual_dataset;2024
349;Staffordshire;GBR;United Kingdom;kralovstvi;kralovstvi;manual_dataset;2024
350;Worcestershire;GBR;United Kingdom;kralovstvi;kralovstvi;manual_dataset;2024
351;Warwickshire;GBR;United Kingdom;kralovstvi;kralovstvi;manual_dataset;2024
352;Oxfordshire;GBR;United Kingdom;kralovstvi;kralovstvi;manual_dataset;2024
353;Surrey;GBR;United Kingdom;kralovstvi;kralovstvi;manual_dataset;2024
354;Wiltshire;GBR;United Kingdom;kralovstvi;kralovstvi;manual_dataset;2024
355;Abkhazia;GEO;Georgia;demokracie;demokracie;manual_dataset;2024
356;Samegrelo-Zemo Svaneti;GEO;Georgia;demokracie;demokracie;manual_dataset;2024
357;Shida Kartli;GEO;Georgia;demokracie;demokracie;manual_dataset;2024
358;Racha-Lechkhumi and Kvemo Svaneti;GEO;Georgia;demokracie;demokracie;manual_dataset;2024
359;Samtskhe–Javakheti;GEO;Georgia;demokracie;demokracie;manual_dataset;2024
360;Adjara;GEO;Georgia;demokracie;demokracie;manual_dataset;2024
361;Guria;GEO;Georgia;demokracie;demokracie;manual_dataset;2024
362;Imereti;GEO;Georgia;demokracie;demokracie;manual_dataset;2024
363;West Macedonia;GRC;Greece;demokracie;demokracie;manual_dataset;2024
364;Epirus;GRC;Greece;demokracie;demokracie;manual_dataset;2024
365;Centre Macedonia;GRC;Greece;demokracie;demokracie;manual_dataset;2024
366;East Macedonia and Thrace;GRC;Greece;demokracie;demokracie;manual_dataset;2024
367;Thessalia;GRC;Greece;demokracie;demokracie;manual_dataset;2024
368;Central Greece;GRC;Greece;demokracie;demokracie;manual_dataset;2024
369;Attica;GRC;Greece;demokracie;demokracie;manual_dataset;2024
370;Peloponnese;GRC;Greece;demokracie;demokracie;manual_dataset;2024
371;West Greece;GRC;Greece;demokracie;demokracie;manual_dataset;2024
372;Crete;GRC;Greece;demokracie;demokracie;manual_dataset;2024
373;South Aegean;GRC;Greece;demokracie;demokracie;manual_dataset;2024
374;North Aegean;GRC;Greece;demokracie;demokracie;manual_dataset;2024
375;Ionian Islands;GRC;Greece;demokracie;demokracie;manual_dataset;2024
376;Virovitica-Podravina;HRV;Croatia;demokracie;demokracie;manual_dataset;2024
377;Koprivnica-Križevci;HRV;Croatia;demokracie;demokracie;manual_dataset;2024
378;Osijek-Baranja;HRV;Croatia;demokracie;demokracie;manual_dataset;2024
379;Istria;HRV;Croatia;demokracie;demokracie;manual_dataset;2024
380;Dubrovnik-Neretva;HRV;Croatia;demokracie;demokracie;manual_dataset;2024
381;Sisak-Moslavina;HRV;Croatia;demokracie;demokracie;manual_dataset;2024
382;Brod-Posavina;HRV;Croatia;demokracie;demokracie;manual_dataset;2024
383;Karlovac;HRV;Croatia;demokracie;demokracie;manual_dataset;2024
384;Zadar;HRV;Croatia;demokracie;demokracie;manual_dataset;2024
385;Vukovar-Syrmia;HRV;Croatia;demokracie;demokracie;manual_dataset;2024
386;Split-Dalmatia;HRV;Croatia;demokracie;demokracie;manual_dataset;2024
387;Varaždin;HRV;Croatia;demokracie;demokracie;manual_dataset;2024
388;Krapina-Zagorje;HRV;Croatia;demokracie;demokracie;manual_dataset;2024
389;Zagreb;HRV;Croatia;demokracie;demokracie;manual_dataset;2024
390;Primorje-Gorski;HRV;Croatia;demokracie;demokracie;manual_dataset;2024
391;Šibenik-Knin;HRV;Croatia;demokracie;demokracie;manual_dataset;2024
392;Lika-Senj;HRV;Croatia;demokracie;demokracie;manual_dataset;2024
393;Bjelovar-Bilogora;HRV;Croatia;demokracie;demokracie;manual_dataset;2024
394;Požega-Slavonia;HRV;Croatia;demokracie;demokracie;manual_dataset;2024
395;Szabolcs-Szatmár-Bereg;HUN;Hungary;demokracie;demokracie;manual_dataset;2024
396;Békés;HUN;Hungary;demokracie;demokracie;manual_dataset;2024
397;Hajdú-Bihar;HUN;Hungary;demokracie;demokracie;manual_dataset;2024
398;Csongrád-Csanád;HUN;Hungary;demokracie;demokracie;manual_dataset;2024
399;Győr-Moson-Sopron;HUN;Hungary;demokracie;demokracie;manual_dataset;2024
400;Vas;HUN;Hungary;demokracie;demokracie;manual_dataset;2024
401;Bács-Kiskun;HUN;Hungary;demokracie;demokracie;manual_dataset;2024
402;Zala;HUN;Hungary;demokracie;demokracie;manual_dataset;2024
403;Somogy;HUN;Hungary;demokracie;demokracie;manual_dataset;2024
404;Baranya;HUN;Hungary;demokracie;demokracie;manual_dataset;2024
405;Borsod-Abaúj-Zemplén;HUN;Hungary;demokracie;demokracie;manual_dataset;2024
406;Nógrád;HUN;Hungary;demokracie;demokracie;manual_dataset;2024
407;Komárom-Esztergom;HUN;Hungary;demokracie;demokracie;manual_dataset;2024
408;Pest;HUN;Hungary;demokracie;demokracie;manual_dataset;2024
409;Jász-Nagykun-Szolnok;HUN;Hungary;demokracie;demokracie;manual_dataset;2024
410;Fejér;HUN;Hungary;demokracie;demokracie;manual_dataset;2024
411;Veszprém;HUN;Hungary;demokracie;demokracie;manual_dataset;2024
412;Tolna;HUN;Hungary;demokracie;demokracie;manual_dataset;2024
413;Heves;HUN;Hungary;demokracie;demokracie;manual_dataset;2024
414;Donegal;IRL;Ireland;demokracie;demokracie;manual_dataset;2024
415;Leitrim;IRL;Ireland;demokracie;demokracie;manual_dataset;2024
416;Cavan;IRL;Ireland;demokracie;demokracie;manual_dataset;2024
417;Monaghan;IRL;Ireland;demokracie;demokracie;manual_dataset;2024
418;Wicklow;IRL;Ireland;demokracie;demokracie;manual_dataset;2024
419;Wexford;IRL;Ireland;demokracie;demokracie;manual_dataset;2024
420;Kilkenny;IRL;Ireland;demokracie;demokracie;manual_dataset;2024
421;Waterford;IRL;Ireland;demokracie;demokracie;manual_dataset;2024
422;Cork;IRL;Ireland;demokracie;demokracie;manual_dataset;2024
423;Kerry;IRL;Ireland;demokracie;demokracie;manual_dataset;2024
424;Limerick;IRL;Ireland;demokracie;demokracie;manual_dataset;2024
425;Clare;IRL;Ireland;demokracie;demokracie;manual_dataset;2024
426;Galway;IRL;Ireland;demokracie;demokracie;manual_dataset;2024
427;Mayo;IRL;Ireland;demokracie;demokracie;manual_dataset;2024
428;Sligo;IRL;Ireland;demokracie;demokracie;manual_dataset;2024
429;Meath;IRL;Ireland;demokracie;demokracie;manual_dataset;2024
430;Kildare;IRL;Ireland;demokracie;demokracie;manual_dataset;2024
431;Laois;IRL;Ireland;demokracie;demokracie;manual_dataset;2024
432;Offaly;IRL;Ireland;demokracie;demokracie;manual_dataset;2024
433;Westmeath;IRL;Ireland;demokracie;demokracie;manual_dataset;2024
434;Longford;IRL;Ireland;demokracie;demokracie;manual_dataset;2024
435;Roscommon;IRL;Ireland;demokracie;demokracie;manual_dataset;2024
436;Tipperary;IRL;Ireland;demokracie;demokracie;manual_dataset;2024
437;Austurland;ISL;Iceland;demokracie;demokracie;manual_dataset;2024
438;Southern;ISL;Iceland;demokracie;demokracie;manual_dataset;2024
439;Western;ISL;Iceland;demokracie;demokracie;manual_dataset;2024
440;Westfjords;ISL;Iceland;demokracie;demokracie;manual_dataset;2024
441;Northwestern;ISL;Iceland;demokracie;demokracie;manual_dataset;2024
442;Northeastern;ISL;Iceland;demokracie;demokracie;manual_dataset;2024
443;Aosta;ITA;Italy;demokracie;demokracie;manual_dataset;2024
444;Verbano-Cusio-Ossola;ITA;Italy;demokracie;demokracie;manual_dataset;2024
445;Varese;ITA;Italy;demokracie;demokracie;manual_dataset;2024
446;Como;ITA;Italy;demokracie;demokracie;manual_dataset;2024
447;Sondrio;ITA;Italy;demokracie;demokracie;manual_dataset;2024
448;Trentino-South Tyrol;ITA;Italy;demokracie;demokracie;manual_dataset;2024
449;Imperia;ITA;Italy;demokracie;demokracie;manual_dataset;2024
450;Cuneo;ITA;Italy;demokracie;demokracie;manual_dataset;2024
451;Turin;ITA;Italy;demokracie;demokracie;manual_dataset;2024
452;Pesaro and Urbino;ITA;Italy;demokracie;demokracie;manual_dataset;2024
453;Belluno;ITA;Italy;demokracie;demokracie;manual_dataset;2024
454;Udine;ITA;Italy;demokracie;demokracie;manual_dataset;2024
455;Venice;ITA;Italy;demokracie;demokracie;manual_dataset;2024
456;Padua;ITA;Italy;demokracie;demokracie;manual_dataset;2024
457;Rovigo;ITA;Italy;demokracie;demokracie;manual_dataset;2024
458;Ferrara;ITA;Italy;demokracie;demokracie;manual_dataset;2024
459;Ravenna;ITA;Italy;demokracie;demokracie;manual_dataset;2024
460;Forlì-Cesena;ITA;Italy;demokracie;demokracie;manual_dataset;2024
461;Ancona;ITA;Italy;demokracie;demokracie;manual_dataset;2024
462;Macerata;ITA;Italy;demokracie;demokracie;manual_dataset;2024
463;Ascoli Piceno;ITA;Italy;demokracie;demokracie;manual_dataset;2024
464;Teramo;ITA;Italy;demokracie;demokracie;manual_dataset;2024
465;Pescara;ITA;Italy;demokracie;demokracie;manual_dataset;2024
466;Chieti;ITA;Italy;demokracie;demokracie;manual_dataset;2024
467;Campobasso;ITA;Italy;demokracie;demokracie;manual_dataset;2024
468;Foggia;ITA;Italy;demokracie;demokracie;manual_dataset;2024
469;Barletta-Andria-Trani;ITA;Italy;demokracie;demokracie;manual_dataset;2024
470;Bari;ITA;Italy;demokracie;demokracie;manual_dataset;2024
471;Brindisi;ITA;Italy;demokracie;demokracie;manual_dataset;2024
472;Lecce;ITA;Italy;demokracie;demokracie;manual_dataset;2024
473;Taranto;ITA;Italy;demokracie;demokracie;manual_dataset;2024
474;Matera;ITA;Italy;demokracie;demokracie;manual_dataset;2024
475;Cosenza;ITA;Italy;demokracie;demokracie;manual_dataset;2024
476;Crotone;ITA;Italy;demokracie;demokracie;manual_dataset;2024
477;Catanzaro;ITA;Italy;demokracie;demokracie;manual_dataset;2024
478;Reggio Calabria;ITA;Italy;demokracie;demokracie;manual_dataset;2024
479;Vibo Valentia;ITA;Italy;demokracie;demokracie;manual_dataset;2024
480;Potenza;ITA;Italy;demokracie;demokracie;manual_dataset;2024
481;Salerno;ITA;Italy;demokracie;demokracie;manual_dataset;2024
482;Naples;ITA;Italy;demokracie;demokracie;manual_dataset;2024
483;Caserta;ITA;Italy;demokracie;demokracie;manual_dataset;2024
484;Latina;ITA;Italy;demokracie;demokracie;manual_dataset;2024
485;Rome;ITA;Italy;demokracie;demokracie;manual_dataset;2024
486;Viterbo;ITA;Italy;demokracie;demokracie;manual_dataset;2024
487;Grosseto;ITA;Italy;demokracie;demokracie;manual_dataset;2024
488;Livorno;ITA;Italy;demokracie;demokracie;manual_dataset;2024
489;Pisa;ITA;Italy;demokracie;demokracie;manual_dataset;2024
490;Lucca;ITA;Italy;demokracie;demokracie;manual_dataset;2024
491;Massa-Carrara;ITA;Italy;demokracie;demokracie;manual_dataset;2024
492;Liguria;ITA;Italy;demokracie;demokracie;manual_dataset;2024
493;Savona;ITA;Italy;demokracie;demokracie;manual_dataset;2024
494;Trapani;ITA;Italy;demokracie;demokracie;manual_dataset;2024
495;Messina;ITA;Italy;demokracie;demokracie;manual_dataset;2024
496;Palermo;ITA;Italy;demokracie;demokracie;manual_dataset;2024
497;Agrigento;ITA;Italy;demokracie;demokracie;manual_dataset;2024
498;Caltanissetta;ITA;Italy;demokracie;demokracie;manual_dataset;2024
499;Ragusa;ITA;Italy;demokracie;demokracie;manual_dataset;2024
500;Syracuse;ITA;Italy;demokracie;demokracie;manual_dataset;2024
501;Catania;ITA;Italy;demokracie;demokracie;manual_dataset;2024
502;Carbonia-Iglesias;ITA;Italy;demokracie;demokracie;manual_dataset;2024
503;Sassari;ITA;Italy;demokracie;demokracie;manual_dataset;2024
504;Nuoro;ITA;Italy;demokracie;demokracie;manual_dataset;2024
505;Olbia-Tempio;ITA;Italy;demokracie;demokracie;manual_dataset;2024
506;Oristano;ITA;Italy;demokracie;demokracie;manual_dataset;2024
507;Medio Campidano;ITA;Italy;demokracie;demokracie;manual_dataset;2024
508;Cagliari;ITA;Italy;demokracie;demokracie;manual_dataset;2024
509;Ogliastra;ITA;Italy;demokracie;demokracie;manual_dataset;2024
510;Enna;ITA;Italy;demokracie;demokracie;manual_dataset;2024
511;Benevento;ITA;Italy;demokracie;demokracie;manual_dataset;2024
512;Asti;ITA;Italy;demokracie;demokracie;manual_dataset;2024
513;Bergamo;ITA;Italy;demokracie;demokracie;manual_dataset;2024
514;Brescia;ITA;Italy;demokracie;demokracie;manual_dataset;2024
515;Cremona;ITA;Italy;demokracie;demokracie;manual_dataset;2024
516;Mantua;ITA;Italy;demokracie;demokracie;manual_dataset;2024
517;Milan;ITA;Italy;demokracie;demokracie;manual_dataset;2024
518;Siena;ITA;Italy;demokracie;demokracie;manual_dataset;2024
519;Arezzo;ITA;Italy;demokracie;demokracie;manual_dataset;2024
520;Florence;ITA;Italy;demokracie;demokracie;manual_dataset;2024
521;Vercelli;ITA;Italy;demokracie;demokracie;manual_dataset;2024
522;Pavia;ITA;Italy;demokracie;demokracie;manual_dataset;2024
523;Rieti;ITA;Italy;demokracie;demokracie;manual_dataset;2024
524;Novara;ITA;Italy;demokracie;demokracie;manual_dataset;2024
525;Alessandria;ITA;Italy;demokracie;demokracie;manual_dataset;2024
526;Trentino;ITA;Italy;demokracie;demokracie;manual_dataset;2024
527;Vicenza;ITA;Italy;demokracie;demokracie;manual_dataset;2024
528;Verona;ITA;Italy;demokracie;demokracie;manual_dataset;2024
529;Treviso;ITA;Italy;demokracie;demokracie;manual_dataset;2024
530;Piacenza;ITA;Italy;demokracie;demokracie;manual_dataset;2024
531;Parma;ITA;Italy;demokracie;demokracie;manual_dataset;2024
532;Reggio Emilia;ITA;Italy;demokracie;demokracie;manual_dataset;2024
533;Modena;ITA;Italy;demokracie;demokracie;manual_dataset;2024
534;Bologna;ITA;Italy;demokracie;demokracie;manual_dataset;2024
535;Terni;ITA;Italy;demokracie;demokracie;manual_dataset;2024
536;Perugia;ITA;Italy;demokracie;demokracie;manual_dataset;2024
537;Frosinone;ITA;Italy;demokracie;demokracie;manual_dataset;2024
538;Avellino;ITA;Italy;demokracie;demokracie;manual_dataset;2024
539;L'Aquila;ITA;Italy;demokracie;demokracie;manual_dataset;2024
540;Pordenone;ITA;Italy;demokracie;demokracie;manual_dataset;2024
541;Isernia;ITA;Italy;demokracie;demokracie;manual_dataset;2024
542;Plužine;KOS;Kosovo;demokracie;demokracie;manual_dataset;2024
543;Kačanik;KOS;Kosovo;demokracie;demokracie;manual_dataset;2024
544;Podujevo/Podujeva;KOS;Kosovo;demokracie;demokracie;manual_dataset;2024
545;Kosovo-Pomoravlje;KOS;Kosovo;demokracie;demokracie;manual_dataset;2024
546;Utena;LTU;Lithuania;demokracie;demokracie;manual_dataset;2024
547;Vilnius;LTU;Lithuania;demokracie;demokracie;manual_dataset;2024
548;Alytus;LTU;Lithuania;demokracie;demokracie;manual_dataset;2024
549;Panevėžys;LTU;Lithuania;demokracie;demokracie;manual_dataset;2024
550;Telšiai;LTU;Lithuania;demokracie;demokracie;manual_dataset;2024
551;Klaipėda;LTU;Lithuania;demokracie;demokracie;manual_dataset;2024
552;Šiauliai;LTU;Lithuania;demokracie;demokracie;manual_dataset;2024
553;Marijampolė;LTU;Lithuania;demokracie;demokracie;manual_dataset;2024
554;Tauragė;LTU;Lithuania;demokracie;demokracie;manual_dataset;2024
555;Kaunas;LTU;Lithuania;demokracie;demokracie;manual_dataset;2024
556;Diekirch;LUX;Luxembourg;kralovstvi;kralovstvi;manual_dataset;2024
557;Valka;LVA;Latvia;demokracie;demokracie;manual_dataset;2024
558;Alūksne;LVA;Latvia;demokracie;demokracie;manual_dataset;2024
559;Kārsava;LVA;Latvia;demokracie;demokracie;manual_dataset;2024
560;Vecumnieki;LVA;Latvia;demokracie;demokracie;manual_dataset;2024
561;Saldus;LVA;Latvia;demokracie;demokracie;manual_dataset;2024
562;Vaiņode;LVA;Latvia;demokracie;demokracie;manual_dataset;2024
563;Jelgava;LVA;Latvia;demokracie;demokracie;manual_dataset;2024
564;Daugavpils;LVA;Latvia;demokracie;demokracie;manual_dataset;2024
565;Krāslava;LVA;Latvia;demokracie;demokracie;manual_dataset;2024
566;Ventspils;LVA;Latvia;demokracie;demokracie;manual_dataset;2024
567;Talsi;LVA;Latvia;demokracie;demokracie;manual_dataset;2024
568;Riga;LVA;Latvia;demokracie;demokracie;manual_dataset;2024
569;Limbaži;LVA;Latvia;demokracie;demokracie;manual_dataset;2024
570;Rēzekne;LVA;Latvia;demokracie;demokracie;manual_dataset;2024
571;Gulbene;LVA;Latvia;demokracie;demokracie;manual_dataset;2024
572;Madona;LVA;Latvia;demokracie;demokracie;manual_dataset;2024
573;Ogre;LVA;Latvia;demokracie;demokracie;manual_dataset;2024
574;Kuldīga;LVA;Latvia;demokracie;demokracie;manual_dataset;2024
575;Tukums;LVA;Latvia;demokracie;demokracie;manual_dataset;2024
576;Edineț;MDA;Moldova;demokracie;demokracie;manual_dataset;2024
577;Rîșcani;MDA;Moldova;demokracie;demokracie;manual_dataset;2024
578;Fălești;MDA;Moldova;demokracie;demokracie;manual_dataset;2024
579;Ungheni;MDA;Moldova;demokracie;demokracie;manual_dataset;2024
580;Hîncești;MDA;Moldova;demokracie;demokracie;manual_dataset;2024
581;Cantemir;MDA;Moldova;demokracie;demokracie;manual_dataset;2024
582;Cahul;MDA;Moldova;demokracie;demokracie;manual_dataset;2024
583;Ștefan Vodă;MDA;Moldova;demokracie;demokracie;manual_dataset;2024
584;Căușeni;MDA;Moldova;demokracie;demokracie;manual_dataset;2024
585;Cimișlia;MDA;Moldova;demokracie;demokracie;manual_dataset;2024
586;Taraclia;MDA;Moldova;demokracie;demokracie;manual_dataset;2024
587;Comrat;MDA;Moldova;demokracie;demokracie;manual_dataset;2024
588;Orhei;MDA;Moldova;demokracie;demokracie;manual_dataset;2024
589;Mavrovo and Rostuša;MKD;Macedonia;demokracie;demokracie;manual_dataset;2024
590;Debarca;MKD;Macedonia;demokracie;demokracie;manual_dataset;2024
591;Bogdanci;MKD;Macedonia;demokracie;demokracie;manual_dataset;2024
592;Kavadarci;MKD;Macedonia;demokracie;demokracie;manual_dataset;2024
593;Prilep;MKD;Macedonia;demokracie;demokracie;manual_dataset;2024
594;Bitola;MKD;Macedonia;demokracie;demokracie;manual_dataset;2024
595;Tearce;MKD;Macedonia;demokracie;demokracie;manual_dataset;2024
596;Staro Nagoričane;MKD;Macedonia;demokracie;demokracie;manual_dataset;2024
597;Berovo;MKD;Macedonia;demokracie;demokracie;manual_dataset;2024
598;Berane;MNE;Montenegro;demokracie;demokracie;manual_dataset;2024
599;Pljevlja;MNE;Montenegro;demokracie;demokracie;manual_dataset;2024
600;Nikšić;MNE;Montenegro;demokracie;demokracie;manual_dataset;2024
601;Podgorica;MNE;Montenegro;demokracie;demokracie;manual_dataset;2024
602;Groningen;NLD;Netherlands;kralovstvi;kralovstvi;manual_dataset;2024
603;Drenthe;NLD;Netherlands;kralovstvi;kralovstvi;manual_dataset;2024
604;Overijssel;NLD;Netherlands;kralovstvi;kralovstvi;manual_dataset;2024
605;Gelderland;NLD;Netherlands;kralovstvi;kralovstvi;manual_dataset;2024
606;Limburg;NLD;Netherlands;kralovstvi;kralovstvi;manual_dataset;2024
607;Zeeland;NLD;Netherlands;kralovstvi;kralovstvi;manual_dataset;2024
608;North Brabant;NLD;Netherlands;kralovstvi;kralovstvi;manual_dataset;2024
609;South Holland;NLD;Netherlands;kralovstvi;kralovstvi;manual_dataset;2024
610;North Holland;NLD;Netherlands;kralovstvi;kralovstvi;manual_dataset;2024
611;Friesland;NLD;Netherlands;kralovstvi;kralovstvi;manual_dataset;2024
612;Flevoland;NLD;Netherlands;kralovstvi;kralovstvi;manual_dataset;2024
613;Utrecht;NLD;Netherlands;kralovstvi;kralovstvi;manual_dataset;2024
614;Troms;NOR;Norway;kralovstvi;kralovstvi;manual_dataset;2024
615;Nordland;NOR;Norway;kralovstvi;kralovstvi;manual_dataset;2024
616;Nord-Trøndelag;NOR;Norway;kralovstvi;kralovstvi;manual_dataset;2024
617;Sør-Trøndelag;NOR;Norway;kralovstvi;kralovstvi;manual_dataset;2024
618;Hedmark;NOR;Norway;kralovstvi;kralovstvi;manual_dataset;2024
619;Akershus;NOR;Norway;kralovstvi;kralovstvi;manual_dataset;2024
620;Østfold;NOR;Norway;kralovstvi;kralovstvi;manual_dataset;2024
621;Finnmark;NOR;Norway;kralovstvi;kralovstvi;manual_dataset;2024
622;Buskerud;NOR;Norway;kralovstvi;kralovstvi;manual_dataset;2024
623;Vestfold;NOR;Norway;kralovstvi;kralovstvi;manual_dataset;2024
624;Telemark;NOR;Norway;kralovstvi;kralovstvi;manual_dataset;2024
625;Aust-Agder;NOR;Norway;kralovstvi;kralovstvi;manual_dataset;2024
626;Vest-Agder;NOR;Norway;kralovstvi;kralovstvi;manual_dataset;2024
627;Rogaland;NOR;Norway;kralovstvi;kralovstvi;manual_dataset;2024
628;Hordaland;NOR;Norway;kralovstvi;kralovstvi;manual_dataset;2024
629;Sogn og Fjordane;NOR;Norway;kralovstvi;kralovstvi;manual_dataset;2024
630;Møre og Romsdal;NOR;Norway;kralovstvi;kralovstvi;manual_dataset;2024
631;Svalbard;NOR;Norway;kralovstvi;kralovstvi;manual_dataset;2024
632;Oppland;NOR;Norway;kralovstvi;kralovstvi;manual_dataset;2024
633;Silesian Voivodeship;POL;Poland;demokracie;demokracie;manual_dataset;2024
634;Lesser Poland Voivodeship;POL;Poland;demokracie;demokracie;manual_dataset;2024
635;Podkarpackie Voivodeship;POL;Poland;demokracie;demokracie;manual_dataset;2024
636;Lower Silesian Voivodeship;POL;Poland;demokracie;demokracie;manual_dataset;2024
637;Opole Voivodeship;POL;Poland;demokracie;demokracie;manual_dataset;2024
638;Podlaskie Voivodeship;POL;Poland;demokracie;demokracie;manual_dataset;2024
639;Warmian-Masurian Voivodeship;POL;Poland;demokracie;demokracie;manual_dataset;2024
640;Lubusz Voivodeship;POL;Poland;demokracie;demokracie;manual_dataset;2024
641;West Pomeranian Voivodeship;POL;Poland;demokracie;demokracie;manual_dataset;2024
642;Lublin Voivodeship;POL;Poland;demokracie;demokracie;manual_dataset;2024
643;Pomeranian Voivodeship;POL;Poland;demokracie;demokracie;manual_dataset;2024
644;Masovian Voivodeship;POL;Poland;demokracie;demokracie;manual_dataset;2024
645;Łódź Voivodeship;POL;Poland;demokracie;demokracie;manual_dataset;2024
646;Kuyavian-Pomeranian Voivodeship;POL;Poland;demokracie;demokracie;manual_dataset;2024
647;Greater Poland Voivodeship;POL;Poland;demokracie;demokracie;manual_dataset;2024
648;Świętokrzyskie Voivodeship;POL;Poland;demokracie;demokracie;manual_dataset;2024
649;Évora;PRT;Portugal;demokracie;demokracie;manual_dataset;2024
650;Portalegre;PRT;Portugal;demokracie;demokracie;manual_dataset;2024
651;Viana do Castelo;PRT;Portugal;demokracie;demokracie;manual_dataset;2024
652;Castelo Branco;PRT;Portugal;demokracie;demokracie;manual_dataset;2024
653;Guarda;PRT;Portugal;demokracie;demokracie;manual_dataset;2024
654;Bragança;PRT;Portugal;demokracie;demokracie;manual_dataset;2024
655;Vila Real;PRT;Portugal;demokracie;demokracie;manual_dataset;2024
656;Braga;PRT;Portugal;demokracie;demokracie;manual_dataset;2024
657;Faro;PRT;Portugal;demokracie;demokracie;manual_dataset;2024
658;Beja;PRT;Portugal;demokracie;demokracie;manual_dataset;2024
659;Setúbal;PRT;Portugal;demokracie;demokracie;manual_dataset;2024
660;Lisbon;PRT;Portugal;demokracie;demokracie;manual_dataset;2024
661;Santarém;PRT;Portugal;demokracie;demokracie;manual_dataset;2024
662;Leiria;PRT;Portugal;demokracie;demokracie;manual_dataset;2024
663;Coimbra;PRT;Portugal;demokracie;demokracie;manual_dataset;2024
664;Aveiro;PRT;Portugal;demokracie;demokracie;manual_dataset;2024
665;Porto;PRT;Portugal;demokracie;demokracie;manual_dataset;2024
666;Azores;PRT;Portugal;demokracie;demokracie;manual_dataset;2024
667;Viseu;PRT;Portugal;demokracie;demokracie;manual_dataset;2024
668;Satu Mare;ROU;Romania;demokracie;demokracie;manual_dataset;2024
669;Arad;ROU;Romania;demokracie;demokracie;manual_dataset;2024
670;Bihor;ROU;Romania;demokracie;demokracie;manual_dataset;2024
671;Timiș;ROU;Romania;demokracie;demokracie;manual_dataset;2024
672;Mehedinți;ROU;Romania;demokracie;demokracie;manual_dataset;2024
673;Dolj;ROU;Romania;demokracie;demokracie;manual_dataset;2024
674;Călărași;ROU;Romania;demokracie;demokracie;manual_dataset;2024
675;Teleorman;ROU;Romania;demokracie;demokracie;manual_dataset;2024
676;Giurgiu;ROU;Romania;demokracie;demokracie;manual_dataset;2024
677;Constanța;ROU;Romania;demokracie;demokracie;manual_dataset;2024
678;Olt;ROU;Romania;demokracie;demokracie;manual_dataset;2024
679;Caraș-Severin;ROU;Romania;demokracie;demokracie;manual_dataset;2024
680;Botoșani;ROU;Romania;demokracie;demokracie;manual_dataset;2024
681;Iași;ROU;Romania;demokracie;demokracie;manual_dataset;2024
682;Vaslui;ROU;Romania;demokracie;demokracie;manual_dataset;2024
683;Galați;ROU;Romania;demokracie;demokracie;manual_dataset;2024
684;Suceava;ROU;Romania;demokracie;demokracie;manual_dataset;2024
685;Maramureș;ROU;Romania;demokracie;demokracie;manual_dataset;2024
686;Tulcea;ROU;Romania;demokracie;demokracie;manual_dataset;2024
687;Cluj;ROU;Romania;demokracie;demokracie;manual_dataset;2024
688;Bistrița-Năsăud;ROU;Romania;demokracie;demokracie;manual_dataset;2024
689;Sălaj;ROU;Romania;demokracie;demokracie;manual_dataset;2024
690;Dâmbovița;ROU;Romania;demokracie;demokracie;manual_dataset;2024
691;Ilfov;ROU;Romania;demokracie;demokracie;manual_dataset;2024
692;Argeș;ROU;Romania;demokracie;demokracie;manual_dataset;2024
693;Gorj;ROU;Romania;demokracie;demokracie;manual_dataset;2024
694;Hunedoara;ROU;Romania;demokracie;demokracie;manual_dataset;2024
695;Vâlcea;ROU;Romania;demokracie;demokracie;manual_dataset;2024
696;Prahova;ROU;Romania;demokracie;demokracie;manual_dataset;2024
697;Covasna;ROU;Romania;demokracie;demokracie;manual_dataset;2024
698;Vrancea;ROU;Romania;demokracie;demokracie;manual_dataset;2024
699;Buzău;ROU;Romania;demokracie;demokracie;manual_dataset;2024
700;Brașov;ROU;Romania;demokracie;demokracie;manual_dataset;2024
701;Sibiu;ROU;Romania;demokracie;demokracie;manual_dataset;2024
702;Mureș;ROU;Romania;demokracie;demokracie;manual_dataset;2024
703;Harghita;ROU;Romania;demokracie;demokracie;manual_dataset;2024
704;Neamț;ROU;Romania;demokracie;demokracie;manual_dataset;2024
705;Bacău;ROU;Romania;demokracie;demokracie;manual_dataset;2024
706;Alba;ROU;Romania;demokracie;demokracie;manual_dataset;2024
707;Brăila;ROU;Romania;demokracie;demokracie;manual_dataset;2024
708;Ialomița;ROU;Romania;demokracie;demokracie;manual_dataset;2024
709;Pskov;RUS;Russia;autokracie;autokracie;manual_dataset;2024
710;Karachay-Cherkess Republic;RUS;Russia;autokracie;autokracie;manual_dataset;2024
711;Kabardino-Balkaria;RUS;Russia;autokracie;autokracie;manual_dataset;2024
712;Republic of North Ossetia-Alania;RUS;Russia;autokracie;autokracie;manual_dataset;2024
713;Murmansk;RUS;Russia;autokracie;autokracie;manual_dataset;2024
714;Karelia;RUS;Russia;autokracie;autokracie;manual_dataset;2024
715;Kaliningrad;RUS;Russia;autokracie;autokracie;manual_dataset;2024
716;Smolensk;RUS;Russia;autokracie;autokracie;manual_dataset;2024
717;Bryansk;RUS;Russia;autokracie;autokracie;manual_dataset;2024
718;Kursk;RUS;Russia;autokracie;autokracie;manual_dataset;2024
719;Belgorod;RUS;Russia;autokracie;autokracie;manual_dataset;2024
720;Voronezh;RUS;Russia;autokracie;autokracie;manual_dataset;2024
721;Rostov;RUS;Russia;autokracie;autokracie;manual_dataset;2024
722;Orenburg;RUS;Russia;autokracie;autokracie;manual_dataset;2024
723;Saratov;RUS;Russia;autokracie;autokracie;manual_dataset;2024
724;Astrakhan;RUS;Russia;autokracie;autokracie;manual_dataset;2024
725;Volgograd;RUS;Russia;autokracie;autokracie;manual_dataset;2024
726;Autonomous Republic of Crimea;RUS;Russia;autokracie;autokracie;manual_dataset;2024
727;Nenets Autonomous Okrug;RUS;Russia;autokracie;autokracie;manual_dataset;2024
728;Saint Petersburg;RUS;Russia;autokracie;autokracie;manual_dataset;2024
729;Arkhangelsk;RUS;Russia;autokracie;autokracie;manual_dataset;2024
730;Republic of Kalmykia;RUS;Russia;autokracie;autokracie;manual_dataset;2024
731;Bashkortostan;RUS;Russia;autokracie;autokracie;manual_dataset;2024
732;Sverdlovsk;RUS;Russia;autokracie;autokracie;manual_dataset;2024
733;Lipetsk;RUS;Russia;autokracie;autokracie;manual_dataset;2024
734;Tambov;RUS;Russia;autokracie;autokracie;manual_dataset;2024
735;Republic of Tatarstan;RUS;Russia;autokracie;autokracie;manual_dataset;2024
736;Ulyanovsk;RUS;Russia;autokracie;autokracie;manual_dataset;2024
737;Penza;RUS;Russia;autokracie;autokracie;manual_dataset;2024
738;Oryol;RUS;Russia;autokracie;autokracie;manual_dataset;2024
739;Republic of Mordovia;RUS;Russia;autokracie;autokracie;manual_dataset;2024
740;Kaluga;RUS;Russia;autokracie;autokracie;manual_dataset;2024
741;Kostroma;RUS;Russia;autokracie;autokracie;manual_dataset;2024
742;Yaroslavl;RUS;Russia;autokracie;autokracie;manual_dataset;2024
743;Vladimir;RUS;Russia;autokracie;autokracie;manual_dataset;2024
744;Ryazan;RUS;Russia;autokracie;autokracie;manual_dataset;2024
745;Ivanovo;RUS;Russia;autokracie;autokracie;manual_dataset;2024
746;Nizhny Novgorod;RUS;Russia;autokracie;autokracie;manual_dataset;2024
747;Tula;RUS;Russia;autokracie;autokracie;manual_dataset;2024
748;Chuvash Republic;RUS;Russia;autokracie;autokracie;manual_dataset;2024
749;Vologda;RUS;Russia;autokracie;autokracie;manual_dataset;2024
750;Novgorod;RUS;Russia;autokracie;autokracie;manual_dataset;2024
751;Tver;RUS;Russia;autokracie;autokracie;manual_dataset;2024
752;Moscow;RUS;Russia;autokracie;autokracie;manual_dataset;2024
753;Mari El Republic;RUS;Russia;autokracie;autokracie;manual_dataset;2024
754;Kirov;RUS;Russia;autokracie;autokracie;manual_dataset;2024
755;Udmurt Republic;RUS;Russia;autokracie;autokracie;manual_dataset;2024
756;Komi Republic;RUS;Russia;autokracie;autokracie;manual_dataset;2024
757;Perm Krai;RUS;Russia;autokracie;autokracie;manual_dataset;2024
758;Samara;RUS;Russia;autokracie;autokracie;manual_dataset;2024
759;Stavropol Krai;RUS;Russia;autokracie;autokracie;manual_dataset;2024
760;Republic of Adygea;RUS;Russia;autokracie;autokracie;manual_dataset;2024
761;North Bačka;SRB;Republic of Serbia;demokracie;demokracie;manual_dataset;2024
762;West Bačka;SRB;Republic of Serbia;demokracie;demokracie;manual_dataset;2024
763;North Banat;SRB;Republic of Serbia;demokracie;demokracie;manual_dataset;2024
764;Pčinja;SRB;Republic of Serbia;demokracie;demokracie;manual_dataset;2024
765;Bor;SRB;Republic of Serbia;demokracie;demokracie;manual_dataset;2024
766;Zaječar;SRB;Republic of Serbia;demokracie;demokracie;manual_dataset;2024
767;Pirot;SRB;Republic of Serbia;demokracie;demokracie;manual_dataset;2024
768;Jablanica;SRB;Republic of Serbia;demokracie;demokracie;manual_dataset;2024
769;Raška;SRB;Republic of Serbia;demokracie;demokracie;manual_dataset;2024
770;Rasina;SRB;Republic of Serbia;demokracie;demokracie;manual_dataset;2024
771;Toplica;SRB;Republic of Serbia;demokracie;demokracie;manual_dataset;2024
772;Zlatibor;SRB;Republic of Serbia;demokracie;demokracie;manual_dataset;2024
773;Srem;SRB;Republic of Serbia;demokracie;demokracie;manual_dataset;2024
774;Mačva;SRB;Republic of Serbia;demokracie;demokracie;manual_dataset;2024
775;South Bačka;SRB;Republic of Serbia;demokracie;demokracie;manual_dataset;2024
776;Central Banat;SRB;Republic of Serbia;demokracie;demokracie;manual_dataset;2024
777;South Banat;SRB;Republic of Serbia;demokracie;demokracie;manual_dataset;2024
778;Braničevo;SRB;Republic of Serbia;demokracie;demokracie;manual_dataset;2024
779;Belgrade;SRB;Republic of Serbia;demokracie;demokracie;manual_dataset;2024
780;Podunavlje;SRB;Republic of Serbia;demokracie;demokracie;manual_dataset;2024
781;Nišava;SRB;Republic of Serbia;demokracie;demokracie;manual_dataset;2024
782;Pomoravski;SRB;Republic of Serbia;demokracie;demokracie;manual_dataset;2024
783;Šumadija;SRB;Republic of Serbia;demokracie;demokracie;manual_dataset;2024
784;Moravica;SRB;Republic of Serbia;demokracie;demokracie;manual_dataset;2024
785;Kolubara;SRB;Republic of Serbia;demokracie;demokracie;manual_dataset;2024
786;Žilina;SVK;Slovakia;demokracie;demokracie;manual_dataset;2024
787;Prešov;SVK;Slovakia;demokracie;demokracie;manual_dataset;2024
788;Košice;SVK;Slovakia;demokracie;demokracie;manual_dataset;2024
789;Bratislava;SVK;Slovakia;demokracie;demokracie;manual_dataset;2024
790;Trnava;SVK;Slovakia;demokracie;demokracie;manual_dataset;2024
791;Trenčín;SVK;Slovakia;demokracie;demokracie;manual_dataset;2024
792;Banská Bystrica;SVK;Slovakia;demokracie;demokracie;manual_dataset;2024
793;Nitra;SVK;Slovakia;demokracie;demokracie;manual_dataset;2024
794;Tolmin;SVN;Slovenia;demokracie;demokracie;manual_dataset;2024
795;Podvelka;SVN;Slovenia;demokracie;demokracie;manual_dataset;2024
796;Norrbotten;SWE;Sweden;kralovstvi;kralovstvi;manual_dataset;2024
797;Västerbotten;SWE;Sweden;kralovstvi;kralovstvi;manual_dataset;2024
798;Jämtland;SWE;Sweden;kralovstvi;kralovstvi;manual_dataset;2024
799;Dalarna;SWE;Sweden;kralovstvi;kralovstvi;manual_dataset;2024
800;Värmland;SWE;Sweden;kralovstvi;kralovstvi;manual_dataset;2024
801;Västra Götaland;SWE;Sweden;kralovstvi;kralovstvi;manual_dataset;2024
802;Västernorrland;SWE;Sweden;kralovstvi;kralovstvi;manual_dataset;2024
803;Gävleborg;SWE;Sweden;kralovstvi;kralovstvi;manual_dataset;2024
804;Uppsala;SWE;Sweden;kralovstvi;kralovstvi;manual_dataset;2024
805;Stockholm;SWE;Sweden;kralovstvi;kralovstvi;manual_dataset;2024
806;Södermanland;SWE;Sweden;kralovstvi;kralovstvi;manual_dataset;2024
807;Östergötland;SWE;Sweden;kralovstvi;kralovstvi;manual_dataset;2024
808;Kalmar;SWE;Sweden;kralovstvi;kralovstvi;manual_dataset;2024
809;Blekinge;SWE;Sweden;kralovstvi;kralovstvi;manual_dataset;2024
810;Skåne;SWE;Sweden;kralovstvi;kralovstvi;manual_dataset;2024
811;Halland;SWE;Sweden;kralovstvi;kralovstvi;manual_dataset;2024
812;Gotland;SWE;Sweden;kralovstvi;kralovstvi;manual_dataset;2024
813;Västmanland;SWE;Sweden;kralovstvi;kralovstvi;manual_dataset;2024
814;Jönköping;SWE;Sweden;kralovstvi;kralovstvi;manual_dataset;2024
815;Örebro;SWE;Sweden;kralovstvi;kralovstvi;manual_dataset;2024
816;Kronoberg;SWE;Sweden;kralovstvi;kralovstvi;manual_dataset;2024
817;Ardahan;TUR;Turkey;autokracie;autokracie;manual_dataset;2024
818;Artvin;TUR;Turkey;autokracie;autokracie;manual_dataset;2024
819;Kırklareli;TUR;Turkey;autokracie;autokracie;manual_dataset;2024
820;Edirne;TUR;Turkey;autokracie;autokracie;manual_dataset;2024
821;Kars;TUR;Turkey;autokracie;autokracie;manual_dataset;2024
822;Mardin;TUR;Turkey;autokracie;autokracie;manual_dataset;2024
823;Şanlıurfa;TUR;Turkey;autokracie;autokracie;manual_dataset;2024
824;Kilis;TUR;Turkey;autokracie;autokracie;manual_dataset;2024
825;Hatay;TUR;Turkey;autokracie;autokracie;manual_dataset;2024
826;Istanbul;TUR;Turkey;autokracie;autokracie;manual_dataset;2024
827;Tekirdağ;TUR;Turkey;autokracie;autokracie;manual_dataset;2024
828;Çanakkale;TUR;Turkey;autokracie;autokracie;manual_dataset;2024
829;Rize;TUR;Turkey;autokracie;autokracie;manual_dataset;2024
830;Trabzon;TUR;Turkey;autokracie;autokracie;manual_dataset;2024
831;Giresun;TUR;Turkey;autokracie;autokracie;manual_dataset;2024
832;Ordu;TUR;Turkey;autokracie;autokracie;manual_dataset;2024
833;Samsun;TUR;Turkey;autokracie;autokracie;manual_dataset;2024
834;Sinop;TUR;Turkey;autokracie;autokracie;manual_dataset;2024
835;Kastamonu;TUR;Turkey;autokracie;autokracie;manual_dataset;2024
836;Bartın;TUR;Turkey;autokracie;autokracie;manual_dataset;2024
837;Zonguldak;TUR;Turkey;autokracie;autokracie;manual_dataset;2024
838;Düzce;TUR;Turkey;autokracie;autokracie;manual_dataset;2024
839;Sakarya;TUR;Turkey;autokracie;autokracie;manual_dataset;2024
840;Kocaeli;TUR;Turkey;autokracie;autokracie;manual_dataset;2024
841;Bursa;TUR;Turkey;autokracie;autokracie;manual_dataset;2024
842;Balıkesir;TUR;Turkey;autokracie;autokracie;manual_dataset;2024
843;İzmir;TUR;Turkey;autokracie;autokracie;manual_dataset;2024
844;Aydın;TUR;Turkey;autokracie;autokracie;manual_dataset;2024
845;Muğla;TUR;Turkey;autokracie;autokracie;manual_dataset;2024
846;Antalya;TUR;Turkey;autokracie;autokracie;manual_dataset;2024
847;Mersin;TUR;Turkey;autokracie;autokracie;manual_dataset;2024
848;Adana;TUR;Turkey;autokracie;autokracie;manual_dataset;2024
849;Bolu;TUR;Turkey;autokracie;autokracie;manual_dataset;2024
850;Ankara;TUR;Turkey;autokracie;autokracie;manual_dataset;2024
851;Bilecik;TUR;Turkey;autokracie;autokracie;manual_dataset;2024
852;Eskişehir;TUR;Turkey;autokracie;autokracie;manual_dataset;2024
853;Çankırı;TUR;Turkey;autokracie;autokracie;manual_dataset;2024
854;Karabük;TUR;Turkey;autokracie;autokracie;manual_dataset;2024
855;Tokat;TUR;Turkey;autokracie;autokracie;manual_dataset;2024
856;Sivas;TUR;Turkey;autokracie;autokracie;manual_dataset;2024
857;Çorum;TUR;Turkey;autokracie;autokracie;manual_dataset;2024
858;Amasya;TUR;Turkey;autokracie;autokracie;manual_dataset;2024
859;Kütahya;TUR;Turkey;autokracie;autokracie;manual_dataset;2024
860;Konya;TUR;Turkey;autokracie;autokracie;manual_dataset;2024
861;Karaman;TUR;Turkey;autokracie;autokracie;manual_dataset;2024
862;Niğde;TUR;Turkey;autokracie;autokracie;manual_dataset;2024
863;Kayseri;TUR;Turkey;autokracie;autokracie;manual_dataset;2024
864;Isparta;TUR;Turkey;autokracie;autokracie;manual_dataset;2024
865;Manisa;TUR;Turkey;autokracie;autokracie;manual_dataset;2024
866;Denizli;TUR;Turkey;autokracie;autokracie;manual_dataset;2024
867;Burdur;TUR;Turkey;autokracie;autokracie;manual_dataset;2024
868;Aksaray;TUR;Turkey;autokracie;autokracie;manual_dataset;2024
869;Nevşehir;TUR;Turkey;autokracie;autokracie;manual_dataset;2024
870;Yozgat;TUR;Turkey;autokracie;autokracie;manual_dataset;2024
871;Kırşehir;TUR;Turkey;autokracie;autokracie;manual_dataset;2024
872;Uşak;TUR;Turkey;autokracie;autokracie;manual_dataset;2024
873;Erzincan;TUR;Turkey;autokracie;autokracie;manual_dataset;2024
874;Tunceli;TUR;Turkey;autokracie;autokracie;manual_dataset;2024
875;Afyonkarahisar;TUR;Turkey;autokracie;autokracie;manual_dataset;2024
876;Kırıkkale;TUR;Turkey;autokracie;autokracie;manual_dataset;2024
877;Kahramanmaraş;TUR;Turkey;autokracie;autokracie;manual_dataset;2024
878;Muş;TUR;Turkey;autokracie;autokracie;manual_dataset;2024
879;Erzurum;TUR;Turkey;autokracie;autokracie;manual_dataset;2024
880;Malatya;TUR;Turkey;autokracie;autokracie;manual_dataset;2024
881;Elazığ;TUR;Turkey;autokracie;autokracie;manual_dataset;2024
882;Bitlis;TUR;Turkey;autokracie;autokracie;manual_dataset;2024
883;Bingöl;TUR;Turkey;autokracie;autokracie;manual_dataset;2024
884;Osmaniye;TUR;Turkey;autokracie;autokracie;manual_dataset;2024
885;Adıyaman;TUR;Turkey;autokracie;autokracie;manual_dataset;2024
886;Diyarbakır;TUR;Turkey;autokracie;autokracie;manual_dataset;2024
887;Batman;TUR;Turkey;autokracie;autokracie;manual_dataset;2024
888;Bayburt;TUR;Turkey;autokracie;autokracie;manual_dataset;2024
889;Gümüşhane;TUR;Turkey;autokracie;autokracie;manual_dataset;2024
890;Chernihiv;UKR;Ukraine;demokracie;demokracie;manual_dataset;2024
891;Volyn;UKR;Ukraine;demokracie;demokracie;manual_dataset;2024
892;Rivne;UKR;Ukraine;demokracie;demokracie;manual_dataset;2024
893;Zhytomyr;UKR;Ukraine;demokracie;demokracie;manual_dataset;2024
894;Kyiv;UKR;Ukraine;demokracie;demokracie;manual_dataset;2024
895;Zakarpattia;UKR;Ukraine;demokracie;demokracie;manual_dataset;2024
896;Chernivtsi;UKR;Ukraine;demokracie;demokracie;manual_dataset;2024
897;Ivano-Frankivsk;UKR;Ukraine;demokracie;demokracie;manual_dataset;2024
898;Odessa;UKR;Ukraine;demokracie;demokracie;manual_dataset;2024
899;Vinnytsia;UKR;Ukraine;demokracie;demokracie;manual_dataset;2024
900;Lviv;UKR;Ukraine;demokracie;demokracie;manual_dataset;2024
901;Sumy;UKR;Ukraine;demokracie;demokracie;manual_dataset;2024
902;Kharkiv;UKR;Ukraine;demokracie;demokracie;manual_dataset;2024
903;Luhansk;UKR;Ukraine;demokracie;demokracie;manual_dataset;2024
904;Donetsk;UKR;Ukraine;demokracie;demokracie;manual_dataset;2024
905;Kherson;UKR;Ukraine;demokracie;demokracie;manual_dataset;2024
906;Zaporizhzhia;UKR;Ukraine;demokracie;demokracie;manual_dataset;2024
907;Mykolaiv;UKR;Ukraine;demokracie;demokracie;manual_dataset;2024
908;Poltava;UKR;Ukraine;demokracie;demokracie;manual_dataset;2024
909;Khmelnytskyi;UKR;Ukraine;demokracie;demokracie;manual_dataset;2024
910;Ternopil;UKR;Ukraine;demokracie;demokracie;manual_dataset;2024
911;Dnipropetrovsk;UKR;Ukraine;demokracie;demokracie;manual_dataset;2024
912;Cherkasy;UKR;Ukraine;demokracie;demokracie;manual_dataset;2024
913;Kirovohrad;UKR;Ukraine;demokracie;demokracie;manual_dataset;2024
